Workbook
Name Slicer_Platform: #N/A
Name Slicer_Platform1: #N/A

Sheet Hashtag
A1: Post ID | B1: Platform | C1: Date | D1: Content Type | E1: Post Text | F1: Likes | G1: Shares | H1: Comments | I1: Impressions | J1: Reach | K1: Clicks | L1: Engagement Rate | M1: Hashtags Used | N1: Campaign_Name
A2: P001 | B2: Twitter | C2: 45649 | D2: Reel | E2: Check out our latest reel on twitter! | F2: 1461 | G2: 184 | H2: 344 | I2: 21915 | J2: 21675 | K2: 15 | L2: =(Posts[[#This Row],[Likes]]+Posts[[#This Row],[Shares]]+Posts[[#This Row],[Comments]])/Posts[[#This Row],[Impressions]] -> 0.090759754 | M2: #FutureOfDriving | N2: CybertruckLaunch
A3: P001 | B3: Twitter | C3: 45649 | D3: Reel | E3: Check out our latest reel on twitter! | F3: 1461 | G3: 184 | H3: 344 | I3: 21915 | J3: 21675 | K3: 15 | L3: =(Posts[[#This Row],[Likes]]+Posts[[#This Row],[Shares]]+Posts[[#This Row],[Comments]])/Posts[[#This Row],[Impressions]] -> 0.090759754 | M3: #AnytimeIsTeslaTime | N3: CybertruckLaunch
A4: P002 | B4: Twitter | C4: 45750 | D4: Text | E4: Check out our latest text on twitter! | F4: 4054 | G4: 389 | H4: 493 | I4: 64864 | J4: 64383 | K4: 117 | L4: =(Posts[[#This Row],[Likes]]+Posts[[#This Row],[Shares]]+Posts[[#This Row],[Comments]])/Posts[[#This Row],[Impressions]] -> 0.076097681 | M4: #TeslaCoInnovation | N4: ModelYCampaign
A5: P002 | B5: Twitter | C5: 45750 | D5: Text | E5: Check out our latest text on twitter! | F5: 4054 | G5: 389 | H5: 493 | I5: 64864 | J5: 64383 | K5: 117 | L5: =(Posts[[#This Row],[Likes]]+Posts[[#This Row],[Shares]]+Posts[[#This Row],[Comments]])/Posts[[#This Row],[Impressions]] -> 0.076097681 | M5: #BetterWithTesla | N5: ModelYCampaign
A6: P003 | B6: YouTube | C6: 45789 | D6: Reel | E6: Check out our latest reel on youtube! | F6: 2795 | G6: 105 | H6: 49 | I6: 53105 | J6: 52307 | K6: 204 | L6: =(Posts[[#This Row],[Likes]]+Posts[[#This Row],[Shares]]+Posts[[#This Row],[Comments]])/Posts[[#This Row],[Impressions]] -> 0.055531494 | M6: #TeslaCoInnovation | N6: FSDUpdate
A7: P004 | B7: Instagram | C7: 45516 | D7: Story | E7: Check out our latest story on instagram! | F7: 2404 | G7: 363 | H7: 138 | I7: 19232 | J7: 18636 | K7: 128 | L7: =(Posts[[#This Row],[Likes]]+Posts[[#This Row],[Shares]]+Posts[[#This Row],[Comments]])/Posts[[#This Row],[Impressions]] -> 0.15105033 | M7: #EVRevolution | N7: SustainabilityDrive
A8: P005 | B8: YouTube | C8: 45469 | D8: Reel | E8: Check out our latest reel on youtube! | F8: 3557 | G8: 687 | H8: 424 | I8: 71140 | J8: 70701 | K8: 224 | L8: =(Posts[[#This Row],[Likes]]+Posts[[#This Row],[Shares]]+Posts[[#This Row],[Comments]])/Posts[[#This Row],[Impressions]] -> 0.065617093 | M8: #EVRevolution | N8: CybertruckLaunch
A9: P005 | B9: YouTube | C9: 45469 | D9: Reel | E9: Check out our latest reel on youtube! | F9: 3557 | G9: 687 | H9: 424 | I9: 71140 | J9: 70701 | K9: 224 | L9: =(Posts[[#This Row],[Likes]]+Posts[[#This Row],[Shares]]+Posts[[#This Row],[Comments]])/Posts[[#This Row],[Impressions]] -> 0.065617093 | M9: #TeslaCoInnovation | N9: CybertruckLaunch
A10: P006 | B10: Facebook | C10: 45596 | D10: Carousel | E10: Check out our latest carousel on facebook! | F10: 2945 | G10: 930 | H10: 355 | I10: 23560 | J10: 23275 | K10: 256 | L10: =(Posts[[#This Row],[Likes]]+Posts[[#This Row],[Shares]]+Posts[[#This Row],[Comments]])/Posts[[#This Row],[Impressions]] -> 0.1795416 | M10: #TeslaCoInnovation | N10: ModelYCampaign
A11: P007 | B11: Twitter | C11: 45467 | D11: Carousel | E11: Check out our latest carousel on twitter! | F11: 3860 | G11: 201 | H11: 279 | I11: 61760 | J11: 61660 | K11: 235 | L11: =(Posts[[#This Row],[Likes]]+Posts[[#This Row],[Shares]]+Posts[[#This Row],[Comments]])/Posts[[#This Row],[Impressions]] -> 0.070272021 | M11: #TeslaCoInnovation | N11: ModelYCampaign
A12: P008 | B12: YouTube | C12: 45486 | D12: Image | E12: Check out our latest image on youtube! | F12: 3929 | G12: 262 | H12: 278 | I12: 43219 | J12: 42841 | K12: 39 | L12: =(Posts[[#This Row],[Likes]]+Posts[[#This Row],[Shares]]+Posts[[#This Row],[Comments]])/Posts[[#This Row],[Impressions]] -> 0.1034036 | M12: #EVRevolution | N12: SustainabilityDrive
A13: P009 | B13: Facebook | C13: 45534 | D13: Text | E13: Check out our latest text on facebook! | F13: 3784 | G13: 808 | H13: 404 | I13: 56760 | J13: 56343 | K13: 131 | L13: =(Posts[[#This Row],[Likes]]+Posts[[#This Row],[Shares]]+Posts[[#This Row],[Comments]])/Posts[[#This Row],[Impressions]] -> 0.088019732 | M13: #TeslaCoInnovation | N13: ModelYCampaign
... A17: P013 | B17: YouTube | C17: 45614 | D17: Carousel | E17: Check out our latest carousel on youtube! | F17: 1171 | G17: 286 | H17: 231 | I17: 22249 | J17: 21282 | K17: 114 | L17: =(Posts[[#This Row],[Likes]]+Posts[[#This Row],[Shares]]+Posts[[#This Row],[Comments]])/Posts[[#This Row],[Impressions]] -> 0.075868578 | M17: #EVRevolution | N17: CybertruckLaunch
A18: P014 | B18: Facebook | C18: 45704 | D18: Story | E18: Check out our latest story on facebook! | F18: 4242 | G18: 555 | H18: 131 | I18: 33936 | J18: 33802 | K18: 265 | L18: =(Posts[[#This Row],[Likes]]+Posts[[#This Row],[Shares]]+Posts[[#This Row],[Comments]])/Posts[[#This Row],[Impressions]] -> 0.14521452 | M18: #FutureOfDriving
A19: P015 | B19: Facebook | C19: 45589 | D19: Video | E19: Check out our latest video on facebook! | F19: 3888 | G19: 604 | H19: 128 | I19: 77760 | J19: 77167 | K19: 20 | L19: =(Posts[[#This Row],[Likes]]+Posts[[#This Row],[Shares]]+Posts[[#This Row],[Comments]])/Posts[[#This Row],[Impressions]] -> 0.05941358 | M19: #FutureOfDriving | N19: CybertruckLaunch
A20: P016 | B20: Facebook | C20: 45530 | D20: Text | E20: Check out our latest text on facebook! | F20: 3452 | G20: 377 | H20: 360 | I20: 55232 | J20: 55075 | K20: 87 | L20: =(Posts[[#This Row],[Likes]]+Posts[[#This Row],[Shares]]+Posts[[#This Row],[Comments]])/Posts[[#This Row],[Impressions]] -> 0.075843714 | M20: #FutureOfDriving | N20: FSDUpdate
A21: P017 | B21: Facebook | C21: 45782 | D21: Text | E21: Check out our latest text on facebook! | F21: 4441 | G21: 511 | H21: 70 | I21: 53292 | J21: 53082 | K21: 159 | L21: =(Posts[[#This Row],[Likes]]+Posts[[#This Row],[Shares]]+Posts[[#This Row],[Comments]])/Posts[[#This Row],[Impressions]] -> 0.094235533 | M21: #EVRevolution | N21: SustainabilityDrive
A22: P018 | B22: Instagram | C22: 45523 | D22: Reel | E22: Check out our latest reel on instagram! | F22: 3000 | G22: 382 | H22: 325 | I22: 36000 | J22: 35819 | K22: 19 | L22: =(Posts[[#This Row],[Likes]]+Posts[[#This Row],[Shares]]+Posts[[#This Row],[Comments]])/Posts[[#This Row],[Impressions]] -> 0.10297222 | M22: #FutureOfDriving | N22: CybertruckLaunch
A23: P019 | B23: Instagram | C23: 45466 | D23: Video | E23: Check out our latest video on instagram! | F23: 1071 | G23: 519 | H23: 22 | I23: 16065 | J23: 15865 | K23: 103 | L23: =(Posts[[#This Row],[Likes]]+Posts[[#This Row],[Shares]]+Posts[[#This Row],[Comments]])/Posts[[#This Row],[Impressions]] -> 0.10034236 | M23: #TeslaCoInnovation | N23: SustainabilityDrive
A24: P020 | B24: Instagram | C24: 45544 | D24: Carousel | E24: Check out our latest carousel on instagram! | F24: 4054 | G24: 488 | H24: 373 | I24: 77026 | J24: 76881 | K24: 25 | L24: =(Posts[[#This Row],[Likes]]+Posts[[#This Row],[Shares]]+Posts[[#This Row],[Comments]])/Posts[[#This Row],[Impressions]] -> 0.063809623 | M24: #TeslaCoInnovation | N24: CybertruckLaunch
A25: P021 | B25: Instagram | C25: 45661 | D25: Reel | E25: Check out our latest reel on instagram! | F25: 4838 | G25: 640 | H25: 128 | I25: 72570 | J25: 72396 | K25: 83 | L25: =(Posts[[#This Row],[Likes]]+Posts[[#This Row],[Shares]]+Posts[[#This Row],[Comments]])/Posts[[#This Row],[Impressions]] -> 0.077249552 | M25: #FutureOfDriving | N25: SustainabilityDrive
A26: P022 | B26: Facebook | C26: 45715 | D26: Text | E26: Check out our latest text on facebook! | F26: 1570 | G26: 187 | H26: 260 | I26: 25120 | J26: 24613 | K26: 133 | L26: =(Posts[[#This Row],[Likes]]+Posts[[#This Row],[Shares]]+Posts[[#This Row],[Comments]])/Posts[[#This Row],[Impressions]] -> 0.080294586 | M26: #TeslaCoInnovation | N26: SustainabilityDrive
A27: P023 | B27: Facebook | C27: 45602 | D27: Video | E27: Check out our latest video on facebook! | F27: 1606 | G27: 547 | H27: 316 | I27: 32120 | J27: 31736 | K27: 225 | L27: =(Posts[[#This Row],[Likes]]+Posts[[#This Row],[Shares]]+Posts[[#This Row],[Comments]])/Posts[[#This Row],[Impressions]] -> 0.076867995 | M27: #TeslaCoInnovation | N27: ModelYCampaign
A28: P023 | B28: Facebook | C28: 45602 | D28: Video | E28: Check out our latest video on facebook! | F28: 1606 | G28: 547 | H28: 316 | I28: 32120 | J28: 31736 | K28: 225 | L28: =(Posts[[#This Row],[Likes]]+Posts[[#This Row],[Shares]]+Posts[[#This Row],[Comments]])/Posts[[#This Row],[Impressions]] -> 0.076867995 | M28: #AnytimeIsTeslaTime | N28: ModelYCampaign
A29: P024 | B29: Facebook | C29: 45680 | D29: Video | E29: Check out our latest video on facebook! | F29: 3961 | G29: 761 | H29: 131 | I29: 67337 | J29: 66615 | K29: 161 | L29: =(Posts[[#This Row],[Likes]]+Posts[[#This Row],[Shares]]+Posts[[#This Row],[Comments]])/Posts[[#This Row],[Impressions]] -> 0.072070333 | M29: #FutureOfDriving | N29: FSDUpdate
A30: P025 | B30: Twitter | C30: 45757 | D30: Carousel | E30: Check out our latest carousel on twitter! | F30: 3128 | G30: 211 | H30: 197 | I30: 59432 | J30: 59182 | K30: 238 | L30: =(Posts[[#This Row],[Likes]]+Posts[[#This Row],[Shares]]+Posts[[#This Row],[Comments]])/Posts[[#This Row],[Impressions]] -> 0.059496568 | M30: #EVRevolution
A31: P026 | B31: YouTube | C31: 45752 | D31: Reel | E31: Check out our latest reel on youtube! | F31: 3009 | G31: 413 | H31: 358 | I31: 42126 | J31: 41309 | K31: 211 | L31: =(Posts[[#This Row],[Likes]]+Posts[[#This Row],[Shares]]+Posts[[#This Row],[Comments]])/Posts[[#This Row],[Impressions]] -> 0.089730808 | M31: #FutureOfDriving | N31: ModelYCampaign
A32: P027 | B32: YouTube | C32: 45552 | D32: Text | E32: Check out our latest text on youtube! | F32: 2076 | G32: 195 | H32: 104 | I32: 33216 | J32: 32244 | K32: 51 | L32: =(Posts[[#This Row],[Likes]]+Posts[[#This Row],[Shares]]+Posts[[#This Row],[Comments]])/Posts[[#This Row],[Impressions]] -> 0.071501686 | M32: #FutureOfDriving | N32: SustainabilityDrive
A33: P028 | B33: Instagram | C33: 45720 | D33: Video | E33: Check out our latest video on instagram! | F33: 432 | G33: 624 | H33: 123 | I33: 6912 | J33: 6259 | K33: 79 | L33: =(Posts[[#This Row],[Likes]]+Posts[[#This Row],[Shares]]+Posts[[#This Row],[Comments]])/Posts[[#This Row],[Impressions]] -> 0.17057292 | M33: #FutureOfDriving | N33: SustainabilityDrive
A34: P029 | B34: Instagram | C34: 45688 | D34: Carousel | E34: Check out our latest carousel on instagram! | F34: 2566 | G34: 118 | H34: 37 | I34: 12830 | J34: 12264 | K34: 221 | L34: =(Posts[[#This Row],[Likes]]+Posts[[#This Row],[Shares]]+Posts[[#This Row],[Comments]])/Posts[[#This Row],[Impressions]] -> 0.21208106 | M34: #FutureOfDriving | N34: FSDUpdate
A35: P030 | B35: Instagram | C35: 45713 | D35: Video | E35: Check out our latest video on instagram! | F35: 3095 | G35: 39 | H35: 78 | I35: 55710 | J35: 54808 | K35: 93 | L35: =(Posts[[#This Row],[Likes]]+Posts[[#This Row],[Shares]]+Posts[[#This Row],[Comments]])/Posts[[#This Row],[Impressions]] -> 0.057655717 | M35: #EVRevolution
A36: P031 | B36: Instagram | C36: 45642 | D36: Text | E36: Check out our latest text on instagram! | F36: 438 | G36: 153 | H36: 275 | I36: 3066 | J36: 2701 | K36: 282 | L36: =(Posts[[#This Row],[Likes]]+Posts[[#This Row],[Shares]]+Posts[[#This Row],[Comments]])/Posts[[#This Row],[Impressions]] -> 0.28245271 | M36: #TeslaCoInnovation | N36: ModelYCampaign
A37: P032 | B37: Twitter | C37: 45504 | D37: Carousel | E37: Check out our latest carousel on twitter! | F37: 2278 | G37: 10 | H37: 321 | I37: 13668 | J37: 12676 | K37: 275 | L37: =(Posts[[#This Row],[Likes]]+Posts[[#This Row],[Shares]]+Posts[[#This Row],[Comments]])/Posts[[#This Row],[Impressions]] -> 0.19088382 | M37: #EVRevolution | N37: CybertruckLaunch
A38: P033 | B38: Facebook | C38: 45525 | D38: Image | E38: Check out our latest image on facebook! | F38: 1407 | G38: 400 | H38: 351 | I38: 16884 | J38: 15954 | K38: 113 | L38: =(Posts[[#This Row],[Likes]]+Posts[[#This Row],[Shares]]+Posts[[#This Row],[Comments]])/Posts[[#This Row],[Impressions]] -> 0.12781331 | M38: #TeslaCoInnovation | N38: CybertruckLaunch
A39: P034 | B39: Facebook | C39: 45742 | D39: Text | E39: Check out our latest text on facebook! | F39: 1652 | G39: 89 | H39: 357 | I39: 29736 | J39: 28771 | K39: 215 | L39: =(Posts[[#This Row],[Likes]]+Posts[[#This Row],[Shares]]+Posts[[#This Row],[Comments]])/Posts[[#This Row],[Impressions]] -> 0.07055421 | M39: #TeslaCoInnovation | N39: FSDUpdate
A40: P035 | B40: Instagram | C40: 45626 | D40: Video | E40: Check out our latest video on instagram! | F40: 3775 | G40: 16 | H40: 239 | I40: 33975 | J40: 33310 | K40: 271 | L40: =(Posts[[#This Row],[Likes]]+Posts[[#This Row],[Shares]]+Posts[[#This Row],[Comments]])/Posts[[#This Row],[Impressions]] -> 0.11861663 | M40: #FutureOfDriving | N40: ModelYCampaign
A41: P036 | B41: Instagram | C41: 45766 | D41: Story | E41: Check out our latest story on instagram! | F41: 4518 | G41: 285 | H41: 383 | I41: 67770 | J41: 67621 | K41: 31 | L41: =(Posts[[#This Row],[Likes]]+Posts[[#This Row],[Shares]]+Posts[[#This Row],[Comments]])/Posts[[#This Row],[Impressions]] -> 0.076523535 | M41: #EVRevolution | N41: ModelYCampaign
A42: P037 | B42: Facebook | C42: 45663 | D42: Carousel | E42: Check out our latest carousel on facebook! | F42: 3024 | G42: 925 | H42: 350 | I42: 24192 | J42: 23518 | K42: 36 | L42: =(Posts[[#This Row],[Likes]]+Posts[[#This Row],[Shares]]+Posts[[#This Row],[Comments]])/Posts[[#This Row],[Impressions]] -> 0.17770337 | M42: #EVRevolution | N42: ModelYCampaign
A43: P038 | B43: YouTube | C43: 45705 | D43: Reel | E43: Check out our latest reel on youtube! | F43: 3138 | G43: 123 | H43: 291 | I43: 28242 | J43: 27550 | K43: 87 | L43: =(Posts[[#This Row],[Likes]]+Posts[[#This Row],[Shares]]+Posts[[#This Row],[Comments]])/Posts[[#This Row],[Impressions]] -> 0.12577013 | M43: #TeslaCoInnovation | N43: SustainabilityDrive
A44: P039 | B44: Facebook | C44: 45621 | D44: Image | E44: Check out our latest image on facebook! | F44: 3564 | G44: 629 | H44: 177 | I44: 60588 | J44: 59627 | K44: 92 | L44: =(Posts[[#This Row],[Likes]]+Posts[[#This Row],[Shares]]+Posts[[#This Row],[Comments]])/Posts[[#This Row],[Impressions]] -> 0.072126494 | M44: #TeslaCoInnovation
A45: P040 | B45: Twitter | C45: 45723 | D45: Image | E45: Check out our latest image on twitter! | F45: 4750 | G45: 151 | H45: 415 | I45: 38000 | J45: 37792 | K45: 299 | L45: =(Posts[[#This Row],[Likes]]+Posts[[#This Row],[Shares]]+Posts[[#This Row],[Comments]])/Posts[[#This Row],[Impressions]] -> 0.13989474 | M45: #EVRevolution | N45: SustainabilityDrive
A46: P041 | B46: Instagram | C46: 45724 | D46: Reel | E46: Check out our latest reel on instagram! | F46: 456 | G46: 629 | H46: 428 | I46: 8208 | J46: 7377 | K46: 205 | L46: =(Posts[[#This Row],[Likes]]+Posts[[#This Row],[Shares]]+Posts[[#This Row],[Comments]])/Posts[[#This Row],[Impressions]] -> 0.18433236 | M46: #FutureOfDriving | N46: SustainabilityDrive
A47: P042 | B47: YouTube | C47: 45721 | D47: Reel | E47: Check out our latest reel on youtube! | F47: 1543 | G47: 820 | H47: 333 | I47: 12344 | J47: 11496 | K47: 241 | L47: =(Posts[[#This Row],[Likes]]+Posts[[#This Row],[Shares]]+Posts[[#This Row],[Comments]])/Posts[[#This Row],[Impressions]] -> 0.2184057 | M47: #EVRevolution
A48: P043 | B48: Instagram | C48: 45640 | D48: Carousel | E48: Check out our latest carousel on instagram! | F48: 2174 | G48: 658 | H48: 15 | I48: 13044 | J48: 12206 | K48: 137 | L48: =(Posts[[#This Row],[Likes]]+Posts[[#This Row],[Shares]]+Posts[[#This Row],[Comments]])/Posts[[#This Row],[Impressions]] -> 0.21826127 | M48: #TeslaCoInnovation | N48: FSDUpdate
A49: P044 | B49: Twitter | C49: 45718 | D49: Image | E49: Check out our latest image on twitter! | F49: 2358 | G49: 784 | H49: 344 | I49: 35370 | J49: 34475 | K49: 216 | L49: =(Posts[[#This Row],[Likes]]+Posts[[#This Row],[Shares]]+Posts[[#This Row],[Comments]])/Posts[[#This Row],[Impressions]] -> 0.0985581 | M49: #TeslaCoInnovation
A50: P045 | B50: Facebook | C50: 45597 | D50: Video | E50: Check out our latest video on facebook! | F50: 3371 | G50: 106 | H50: 327 | I50: 50565 | J50: 49816 | K50: 176 | L50: =(Posts[[#This Row],[Likes]]+Posts[[#This Row],[Shares]]+Posts[[#This Row],[Comments]])/Posts[[#This Row],[Impressions]] -> 0.075229902 | M50: #FutureOfDriving | N50: CybertruckLaunch
A51: P046 | B51: Twitter | C51: 45779 | D51: Video | E51: Check out our latest video on twitter! | F51: 1108 | G51: 177 | H51: 212 | I51: 8864 | J51: 8710 | K51: 97 | L51: =(Posts[[#This Row],[Likes]]+Posts[[#This Row],[Shares]]+Posts[[#This Row],[Comments]])/Posts[[#This Row],[Impressions]] -> 0.16888538 | M51: #TeslaCoInnovation | N51: SustainabilityDrive
A52: P047 | B52: Twitter | C52: 45712 | D52: Carousel | E52: Check out our latest carousel on twitter! | F52: 2704 | G52: 752 | H52: 153 | I52: 21632 | J52: 20792 | K52: 127 | L52: =(Posts[[#This Row],[Likes]]+Posts[[#This Row],[Shares]]+Posts[[#This Row],[Comments]])/Posts[[#This Row],[Impressions]] -> 0.16683617 | M52: #FutureOfDriving
A53: P048 | B53: Twitter | C53: 45727 | D53: Story | E53: Check out our latest story on twitter! | F53: 1950 | G53: 295 | H53: 478 | I53: 37050 | J53: 36272 | K53: 119 | L53: =(Posts[[#This Row],[Likes]]+Posts[[#This Row],[Shares]]+Posts[[#This Row],[Comments]])/Posts[[#This Row],[Impressions]] -> 0.073495277 | M53: #TeslaCoInnovation
A54: P049 | B54: Twitter | C54: 45453 | D54: Story | E54: Check out our latest story on twitter! | F54: 2164 | G54: 549 | H54: 274 | I54: 28132 | J54: 27361 | K54: 177 | L54: =(Posts[[#This Row],[Likes]]+Posts[[#This Row],[Shares]]+Posts[[#This Row],[Comments]])/Posts[[#This Row],[Impressions]] -> 0.10617802 | M54: #TeslaCoInnovation | N54: SustainabilityDrive
A55: P050 | B55: YouTube | C55: 45476 | D55: Story | E55: Check out our latest story on youtube! | F55: 2754 | G55: 130 | H55: 90 | I55: 22032 | J55: 21288 | K55: 112 | L55: =(Posts[[#This Row],[Likes]]+Posts[[#This Row],[Shares]]+Posts[[#This Row],[Comments]])/Posts[[#This Row],[Impressions]] -> 0.13498548 | M55: #TeslaCoInnovation | N55: FSDUpdate
A56: P051 | B56: Facebook | C56: 45456 | D56: Carousel | E56: Check out our latest carousel on facebook! | F56: 2200 | G56: 504 | H56: 239 | I56: 37400 | J56: 36938 | K56: 225 | L56: =(Posts[[#This Row],[Likes]]+Posts[[#This Row],[Shares]]+Posts[[#This Row],[Comments]])/Posts[[#This Row],[Impressions]] -> 0.07868984 | M56: #FutureOfDriving | N56: ModelYCampaign
A57: P052 | B57: Facebook | C57: 45660 | D57: Image | E57: Check out our latest image on facebook! | F57: 947 | G57: 338 | H57: 350 | I57: 10417 | J57: 9730 | K57: 34 | L57: =(Posts[[#This Row],[Likes]]+Posts[[#This Row],[Shares]]+Posts[[#This Row],[Comments]])/Posts[[#This Row],[Impressions]] -> 0.15695498 | M57: #TeslaCoInnovation | N57: SustainabilityDrive
A58: P053 | B58: YouTube | C58: 45712 | D58: Carousel | E58: Check out our latest carousel on youtube! | F58: 804 | G58: 639 | H58: 43 | I58: 4020 | J58: 3144 | K58: 11 | L58: =(Posts[[#This Row],[Likes]]+Posts[[#This Row],[Shares]]+Posts[[#This Row],[Comments]])/Posts[[#This Row],[Impressions]] -> 0.36965174 | M58: #EVRevolution
A59: P053 | B59: YouTube | C59: 45712 | D59: Carousel | E59: Check out our latest carousel on youtube! | F59: 804 | G59: 639 | H59: 43 | I59: 4020 | J59: 3144 | K59: 11 | L59: =(Posts[[#This Row],[Likes]]+Posts[[#This Row],[Shares]]+Posts[[#This Row],[Comments]])/Posts[[#This Row],[Impressions]] -> 0.36965174 | M59: #BetterWithTesla
A60: P054 | B60: YouTube | C60: 45729 | D60: Carousel | E60: Check out our latest carousel on youtube! | F60: 1686 | G60: 904 | H60: 472 | I60: 18546 | J60: 18171 | K60: 52 | L60: =(Posts[[#This Row],[Likes]]+Posts[[#This Row],[Shares]]+Posts[[#This Row],[Comments]])/Posts[[#This Row],[Impressions]] -> 0.16510299 | M60: #FutureOfDriving | N60: ModelYCampaign
A61: P055 | B61: Facebook | C61: 45460 | D61: Image | E61: Check out our latest image on facebook! | F61: 1226 | G61: 119 | H61: 7 | I61: 14712 | J61: 14049 | K61: 123 | L61: =(Posts[[#This Row],[Likes]]+Posts[[#This Row],[Shares]]+Posts[[#This Row],[Comments]])/Posts[[#This Row],[Impressions]] -> 0.091897771 | M61: #EVRevolution | N61: SustainabilityDrive
A62: P056 | B62: Facebook | C62: 45644 | D62: Carousel | E62: Check out our latest carousel on facebook! | F62: 2946 | G62: 498 | H62: 367 | I62: 29460 | J62: 28527 | K62: 60 | L62: =(Posts[[#This Row],[Likes]]+Posts[[#This Row],[Shares]]+Posts[[#This Row],[Comments]])/Posts[[#This Row],[Impressions]] -> 0.12936185 | M62: #FutureOfDriving | N62: FSDUpdate
A63: P057 | B63: Twitter | C63: 45586 | D63: Video | E63: Check out our latest video on twitter! | F63: 2825 | G63: 535 | H63: 295 | I63: 45200 | J63: 44739 | K63: 169 | L63: =(Posts[[#This Row],[Likes]]+Posts[[#This Row],[Shares]]+Posts[[#This Row],[Comments]])/Posts[[#This Row],[Impressions]] -> 0.080862832 | M63: #TeslaCoInnovation | N63: CybertruckLaunch
A64: P058 | B64: Instagram | C64: 45762 | D64: Reel | E64: Check out our latest reel on instagram! | F64: 103 | G64: 770 | H64: 19 | I64: 1030 | J64: 410 | K64: 262 | L64: =(Posts[[#This Row],[Likes]]+Posts[[#This Row],[Shares]]+Posts[[#This Row],[Comments]])/Posts[[#This Row],[Impressions]] -> 0.86601942 | M64: #TeslaCoInnovation | N64: SustainabilityDrive
A65: P059 | B65: Instagram | C65: 45465 | D65: Text | E65: Check out our latest text on instagram! | F65: 2180 | G65: 263 | H65: 387 | I65: 30520 | J65: 30059 | K65: 174 | L65: =(Posts[[#This Row],[Likes]]+Posts[[#This Row],[Shares]]+Posts[[#This Row],[Comments]])/Posts[[#This Row],[Impressions]] -> 0.092726081 | M65: #EVRevolution
A66: P060 | B66: Instagram | C66: 45685 | D66: Video | E66: Check out our latest video on instagram! | F66: 904 | G66: 973 | H66: 63 | I66: 11752 | J66: 11580 | K66: 84 | L66: =(Posts[[#This Row],[Likes]]+Posts[[#This Row],[Shares]]+Posts[[#This Row],[Comments]])/Posts[[#This Row],[Impressions]] -> 0.16507828 | M66: #EVRevolution | N66: FSDUpdate
A67: P060 | B67: Instagram | C67: 45685 | D67: Video | E67: Check out our latest video on instagram! | F67: 904 | G67: 973 | H67: 63 | I67: 11752 | J67: 11580 | K67: 84 | L67: =(Posts[[#This Row],[Likes]]+Posts[[#This Row],[Shares]]+Posts[[#This Row],[Comments]])/Posts[[#This Row],[Impressions]] -> 0.16507828 | M67: #TeslaCoInnovation | N67: FSDUpdate
A68: P060 | B68: Instagram | C68: 45685 | D68: Video | E68: Check out our latest video on instagram! | F68: 904 | G68: 973 | H68: 63 | I68: 11752 | J68: 11580 | K68: 84 | L68: =(Posts[[#This Row],[Likes]]+Posts[[#This Row],[Shares]]+Posts[[#This Row],[Comments]])/Posts[[#This Row],[Impressions]] -> 0.16507828 | M68: #AnytimeIsTeslaTime | N68: FSDUpdate
A69: P061 | B69: Twitter | C69: 45540 | D69: Video | E69: Check out our latest video on twitter! | F69: 4886 | G69: 983 | H69: 409 | I69: 43974 | J69: 43239 | K69: 65 | L69: =(Posts[[#This Row],[Likes]]+Posts[[#This Row],[Shares]]+Posts[[#This Row],[Comments]])/Posts[[#This Row],[Impressions]] -> 0.14276618 | M69: #TeslaCoInnovation | N69: CybertruckLaunch
A70: P062 | B70: Twitter | C70: 45618 | D70: Carousel | E70: Check out our latest carousel on twitter! | F70: 53 | G70: 81 | H70: 379 | I70: 954 | J70: 7 | K70: 148 | L70: =(Posts[[#This Row],[Likes]]+Posts[[#This Row],[Shares]]+Posts[[#This Row],[Comments]])/Posts[[#This Row],[Impressions]] -> 0.53773585 | M70: #TeslaCoInnovation | N70: FSDUpdate
A71: P063 | B71: Twitter | C71: 45504 | D71: Carousel | E71: Check out our latest carousel on twitter! | F71: 4507 | G71: 217 | H71: 13 | I71: 90140 | J71: 89591 | K71: 125 | L71: =(Posts[[#This Row],[Likes]]+Posts[[#This Row],[Shares]]+Posts[[#This Row],[Comments]])/Posts[[#This Row],[Impressions]] -> 0.052551586 | M71: #FutureOfDriving | N71: FSDUpdate
A72: P064 | B72: Facebook | C72: 45521 | D72: Image | E72: Check out our latest image on facebook! | F72: 2878 | G72: 248 | H72: 416 | I72: 43170 | J72: 42667 | K72: 75 | L72: =(Posts[[#This Row],[Likes]]+Posts[[#This Row],[Shares]]+Posts[[#This Row],[Comments]])/Posts[[#This Row],[Impressions]] -> 0.082047718 | M72: #FutureOfDriving | N72: FSDUpdate
A73: P065 | B73: Instagram | C73: 45744 | D73: Story | E73: Check out our latest story on instagram! | F73: 1881 | G73: 501 | H73: 99 | I73: 20691 | J73: 19987 | K73: 289 | L73: =(Posts[[#This Row],[Likes]]+Posts[[#This Row],[Shares]]+Posts[[#This Row],[Comments]])/Posts[[#This Row],[Impressions]] -> 0.11990721 | M73: #EVRevolution
A74: P066 | B74: Twitter | C74: 45499 | D74: Carousel | E74: Check out our latest carousel on twitter! | F74: 432 | G74: 171 | H74: 280 | I74: 3024 | J74: 2285 | K74: 184 | L74: =(Posts[[#This Row],[Likes]]+Posts[[#This Row],[Shares]]+Posts[[#This Row],[Comments]])/Posts[[#This Row],[Impressions]] -> 0.29199735 | M74: #EVRevolution | N74: CybertruckLaunch
A75: P067 | B75: Facebook | C75: 45745 | D75: Carousel | E75: Check out our latest carousel on facebook! | F75: 4712 | G75: 568 | H75: 127 | I75: 84816 | J75: 84691 | K75: 100 | L75: =(Posts[[#This Row],[Likes]]+Posts[[#This Row],[Shares]]+Posts[[#This Row],[Comments]])/Posts[[#This Row],[Impressions]] -> 0.063749764 | M75: #EVRevolution | N75: FSDUpdate
A76: P068 | B76: Instagram | C76: 45634 | D76: Story | E76: Check out our latest story on instagram! | F76: 2610 | G76: 126 | H76: 288 | I76: 15660 | J76: 15145 | K76: 73 | L76: =(Posts[[#This Row],[Likes]]+Posts[[#This Row],[Shares]]+Posts[[#This Row],[Comments]])/Posts[[#This Row],[Impressions]] -> 0.19310345 | M76: #EVRevolution
A77: P069 | B77: Twitter | C77: 45724 | D77: Text | E77: Check out our latest text on twitter! | F77: 1292 | G77: 626 | H77: 496 | I77: 25840 | J77: 24916 | K77: 149 | L77: =(Posts[[#This Row],[Likes]]+Posts[[#This Row],[Shares]]+Posts[[#This Row],[Comments]])/Posts[[#This Row],[Impressions]] -> 0.093421053 | M77: #FutureOfDriving | N77: FSDUpdate
A78: P070 | B78: Facebook | C78: 45749 | D78: Video | E78: Check out our latest video on facebook! | F78: 199 | G78: 772 | H78: 400 | I78: 3582 | J78: 2988 | K78: 43 | L78: =(Posts[[#This Row],[Likes]]+Posts[[#This Row],[Shares]]+Posts[[#This Row],[Comments]])/Posts[[#This Row],[Impressions]] -> 0.38274707 | M78: #TeslaCoInnovation
A79: P071 | B79: YouTube | C79: 45537 | D79: Carousel | E79: Check out our latest carousel on youtube! | F79: 2551 | G79: 915 | H79: 205 | I79: 30612 | J79: 30360 | K79: 227 | L79: =(Posts[[#This Row],[Likes]]+Posts[[#This Row],[Shares]]+Posts[[#This Row],[Comments]])/Posts[[#This Row],[Impressions]] -> 0.11992029 | M79: #TeslaCoInnovation | N79: ModelYCampaign
A80: P072 | B80: YouTube | C80: 45719 | D80: Reel | E80: Check out our latest reel on youtube! | F80: 296 | G80: 60 | H80: 141 | I80: 5624 | J80: 5239 | K80: 88 | L80: =(Posts[[#This Row],[Likes]]+Posts[[#This Row],[Shares]]+Posts[[#This Row],[Comments]])/Posts[[#This Row],[Impressions]] -> 0.088371266 | M80: #EVRevolution | N80: ModelYCampaign
A81: P073 | B81: Facebook | C81: 45583 | D81: Story | E81: Check out our latest story on facebook! | F81: 4126 | G81: 426 | H81: 486 | I81: 78394 | J81: 77798 | K81: 88 | L81: =(Posts[[#This Row],[Likes]]+Posts[[#This Row],[Shares]]+Posts[[#This Row],[Comments]])/Posts[[#This Row],[Impressions]] -> 0.064265122 | M81: #FutureOfDriving | N81: SustainabilityDrive
A82: P074 | B82: YouTube | C82: 45593 | D82: Reel | E82: Check out our latest reel on youtube! | F82: 1855 | G82: 200 | H82: 174 | I82: 16695 | J82: 16330 | K82: 123 | L82: =(Posts[[#This Row],[Likes]]+Posts[[#This Row],[Shares]]+Posts[[#This Row],[Comments]])/Posts[[#This Row],[Impressions]] -> 0.13351303 | M82: #TeslaCoInnovation | N82: FSDUpdate
A83: P075 | B83: Instagram | C83: 45505 | D83: Reel | E83: Check out our latest reel on instagram! | F83: 1674 | G83: 929 | H83: 37 | I83: 21762 | J83: 20998 | K83: 255 | L83: =(Posts[[#This Row],[Likes]]+Posts[[#This Row],[Shares]]+Posts[[#This Row],[Comments]])/Posts[[#This Row],[Impressions]] -> 0.12131238 | M83: #TeslaCoInnovation | N83: SustainabilityDrive
A84: P076 | B84: Twitter | C84: 45603 | D84: Story | E84: Check out our latest story on twitter! | F84: 1121 | G84: 135 | H84: 18 | I84: 15694 | J84: 14957 | K84: 99 | L84: =(Posts[[#This Row],[Likes]]+Posts[[#This Row],[Shares]]+Posts[[#This Row],[Comments]])/Posts[[#This Row],[Impressions]] -> 0.08117752 | M84: #TeslaCoInnovation | N84: SustainabilityDrive
A85: P077 | B85: Facebook | C85: 45720 | D85: Story | E85: Check out our latest story on facebook! | F85: 1249 | G85: 116 | H85: 420 | I85: 8743 | J85: 8538 | K85: 63 | L85: =(Posts[[#This Row],[Likes]]+Posts[[#This Row],[Shares]]+Posts[[#This Row],[Comments]])/Posts[[#This Row],[Impressions]] -> 0.20416333 | M85: #TeslaCoInnovation
A86: P078 | B86: Twitter | C86: 45460 | D86: Image | E86: Check out our latest image on twitter! | F86: 954 | G86: 324 | H86: 288 | I86: 19080 | J86: 18859 | K86: 21 | L86: =(Posts[[#This Row],[Likes]]+Posts[[#This Row],[Shares]]+Posts[[#This Row],[Comments]])/Posts[[#This Row],[Impressions]] -> 0.082075472 | M86: #FutureOfDriving | N86: SustainabilityDrive
A87: P079 | B87: Instagram | C87: 45574 | D87: Carousel | E87: Check out our latest carousel on instagram! | F87: 3068 | G87: 137 | H87: 329 | I87: 39884 | J87: 39404 | K87: 266 | L87: =(Posts[[#This Row],[Likes]]+Posts[[#This Row],[Shares]]+Posts[[#This Row],[Comments]])/Posts[[#This Row],[Impressions]] -> 0.08860696 | M87: #EVRevolution | N87: ModelYCampaign
A88: P080 | B88: Instagram | C88: 45456 | D88: Story | E88: Check out our latest story on instagram! | F88: 2103 | G88: 892 | H88: 103 | I88: 39957 | J88: 39466 | K88: 28 | L88: =(Posts[[#This Row],[Likes]]+Posts[[#This Row],[Shares]]+Posts[[#This Row],[Comments]])/Posts[[#This Row],[Impressions]] -> 0.077533348 | M88: #FutureOfDriving
A89: P081 | B89: Instagram | C89: 45584 | D89: Story | E89: Check out our latest story on instagram! | F89: 1816 | G89: 29 | H89: 41 | I89: 19976 | J89: 19262 | K89: 283 | L89: =(Posts[[#This Row],[Likes]]+Posts[[#This Row],[Shares]]+Posts[[#This Row],[Comments]])/Posts[[#This Row],[Impressions]] -> 0.094413296 | M89: #TeslaCoInnovation | N89: FSDUpdate
A90: P082 | B90: Instagram | C90: 45497 | D90: Image | E90: Check out our latest image on instagram! | F90: 725 | G90: 88 | H90: 428 | I90: 14500 | J90: 13637 | K90: 200 | L90: =(Posts[[#This Row],[Likes]]+Posts[[#This Row],[Shares]]+Posts[[#This Row],[Comments]])/Posts[[#This Row],[Impressions]] -> 0.085586207 | M90: #FutureOfDriving | N90: FSDUpdate
A91: P082 | B91: Instagram | C91: 45497 | D91: Image | E91: Check out our latest image on instagram! | F91: 725 | G91: 88 | H91: 428 | I91: 14500 | J91: 13637 | K91: 200 | L91: =(Posts[[#This Row],[Likes]]+Posts[[#This Row],[Shares]]+Posts[[#This Row],[Comments]])/Posts[[#This Row],[Impressions]] -> 0.085586207 | M91: #TeslaCoInnovation | N91: FSDUpdate
A92: P082 | B92: Instagram | C92: 45497 | D92: Image | E92: Check out our latest image on instagram! | F92: 725 | G92: 88 | H92: 428 | I92: 14500 | J92: 13637 | K92: 200 | L92: =(Posts[[#This Row],[Likes]]+Posts[[#This Row],[Shares]]+Posts[[#This Row],[Comments]])/Posts[[#This Row],[Impressions]] -> 0.085586207 | M92: #AnytimeIsTeslaTime | N92: FSDUpdate
A93: P083 | B93: YouTube | C93: 45580 | D93: Video | E93: Check out our latest video on youtube! | F93: 1094 | G93: 472 | H93: 21 | I93: 9846 | J93: 9609 | K93: 112 | L93: =(Posts[[#This Row],[Likes]]+Posts[[#This Row],[Shares]]+Posts[[#This Row],[Comments]])/Posts[[#This Row],[Impressions]] -> 0.16118221 | M93: #EVRevolution
A94: P084 | B94: Facebook | C94: 45635 | D94: Image | E94: Check out our latest image on facebook! | F94: 1841 | G94: 851 | H94: 342 | I94: 34979 | J94: 34154 | K94: 255 | L94: =(Posts[[#This Row],[Likes]]+Posts[[#This Row],[Shares]]+Posts[[#This Row],[Comments]])/Posts[[#This Row],[Impressions]] -> 0.086737757 | M94: #FutureOfDriving | N94: SustainabilityDrive
A95: P085 | B95: Instagram | C95: 45766 | D95: Image | E95: Check out our latest image on instagram! | F95: 4177 | G95: 569 | H95: 55 | I95: 25062 | J95: 24847 | K95: 230 | L95: =(Posts[[#This Row],[Likes]]+Posts[[#This Row],[Shares]]+Posts[[#This Row],[Comments]])/Posts[[#This Row],[Impressions]] -> 0.19156492 | M95: #FutureOfDriving | N95: CybertruckLaunch
A96: P086 | B96: YouTube | C96: 45684 | D96: Text | E96: Check out our latest text on youtube! | F96: 3428 | G96: 305 | H96: 85 | I96: 58276 | J96: 58052 | K96: 242 | L96: =(Posts[[#This Row],[Likes]]+Posts[[#This Row],[Shares]]+Posts[[#This Row],[Comments]])/Posts[[#This Row],[Impressions]] -> 0.065515821 | M96: #EVRevolution | N96: SustainabilityDrive
A97: P086 | B97: YouTube | C97: 45684 | D97: Text | E97: Check out our latest text on youtube! | F97: 3428 | G97: 305 | H97: 85 | I97: 58276 | J97: 58052 | K97: 242 | L97: =(Posts[[#This Row],[Likes]]+Posts[[#This Row],[Shares]]+Posts[[#This Row],[Comments]])/Posts[[#This Row],[Impressions]] -> 0.065515821 | M97: #BetterWithTesla | N97: SustainabilityDrive
A98: P087 | B98: Twitter | C98: 45449 | D98: Video | E98: Check out our latest video on twitter! | F98: 1436 | G98: 765 | H98: 496 | I98: 12924 | J98: 12701 | K98: 197 | L98: =(Posts[[#This Row],[Likes]]+Posts[[#This Row],[Shares]]+Posts[[#This Row],[Comments]])/Posts[[#This Row],[Impressions]] -> 0.20868152 | M98: #FutureOfDriving | N98: FSDUpdate
A99: P088 | B99: Facebook | C99: 45480 | D99: Story | E99: Check out our latest story on facebook! | F99: 302 | G99: 47 | H99: 430 | I99: 5738 | J99: 4890 | K99: 25 | L99: =(Posts[[#This Row],[Likes]]+Posts[[#This Row],[Shares]]+Posts[[#This Row],[Comments]])/Posts[[#This Row],[Impressions]] -> 0.13576159 | M99: #TeslaCoInnovation | N99: SustainabilityDrive
A100: P089 | B100: Twitter | C100: 45667 | D100: Image | E100: Check out our latest image on twitter! | F100: 2214 | G100: 249 | H100: 152 | I100: 15498 | J100: 14800 | K100: 180 | L100: =(Posts[[#This Row],[Likes]]+Posts[[#This Row],[Shares]]+Posts[[#This Row],[Comments]])/Posts[[#This Row],[Impressions]] -> 0.16873145 | M100: #EVRevolution
A101: P090 | B101: Instagram | C101: 45446 | D101: Image | E101: Check out our latest image on instagram! | F101: 3861 | G101: 960 | H101: 101 | I101: 69498 | J101: 68817 | K101: 297 | L101: =(Posts[[#This Row],[Likes]]+Posts[[#This Row],[Shares]]+Posts[[#This Row],[Comments]])/Posts[[#This Row],[Impressions]] -> 0.070822182 | M101: #TeslaCoInnovation | N101: SustainabilityDrive
A102: P091 | B102: Facebook | C102: 45740 | D102: Image | E102: Check out our latest image on facebook! | F102: 1263 | G102: 397 | H102: 357 | I102: 25260 | J102: 24615 | K102: 137 | L102: =(Posts[[#This Row],[Likes]]+Posts[[#This Row],[Shares]]+Posts[[#This Row],[Comments]])/Posts[[#This Row],[Impressions]] -> 0.079849565 | M102: #EVRevolution | N102: SustainabilityDrive
A103: P092 | B103: Twitter | C103: 45586 | D103: Story | E103: Check out our latest story on twitter! | F103: 3801 | G103: 967 | H103: 401 | I103: 38010 | J103: 37625 | K103: 236 | L103: =(Posts[[#This Row],[Likes]]+Posts[[#This Row],[Shares]]+Posts[[#This Row],[Comments]])/Posts[[#This Row],[Impressions]] -> 0.13599053 | M103: #FutureOfDriving | N103: FSDUpdate
...

Sheet Posts (2)
A1: Post ID | B1: Platform | C1: Date | D1: Content Type | E1: Post Text | F1: Likes | G1: Shares | H1: Comments | I1: Impressions | J1: Reach | K1: Clicks | L1: Engagement Rate | M1: Hashtags Used | N1: Campaign_Name
A2: P220 | B2: Instagram | C2: 45445 | D2: Story | E2: Check out our latest story on instagram! | F2: 84 | G2: 897 | H2: 85 | I2: 588 | J2: 8 | K2: 12 | L2: =(F2+G2+H2)/I2 -> 1.8129252 | M2: #EVRevolution
A3: P058 | B3: Instagram | C3: 45762 | D3: Reel | E3: Check out our latest reel on instagram! | F3: 103 | G3: 770 | H3: 19 | I3: 1030 | J3: 410 | K3: 262 | L3: =(F3+G3+H3)/I3 -> 0.86601942 | M3: #TeslaCoInnovation | N3: SustainabilityDrive
A4: P232 | B4: Twitter | C4: 45776 | D4: Story | E4: Check out our latest story on twitter! | F4: 249 | G4: 592 | H4: 230 | I4: 1494 | J4: 1044 | K4: 201 | L4: =(F4+G4+H4)/I4 -> 0.71686747 | M4: #EVRevolution | N4: SustainabilityDrive
A5: P178 | B5: Instagram | C5: 45603 | D5: Video | E5: Check out our latest video on instagram! | F5: 129 | G5: 643 | H5: 136 | I5: 1290 | J5: 839 | K5: 238 | L5: =(F5+G5+H5)/I5 -> 0.70387597 | M5: #TeslaCoInnovation | N5: SustainabilityDrive
A6: P175 | B6: Instagram | C6: 45674 | D6: Reel | E6: Check out our latest reel on instagram! | F6: 142 | G6: 784 | H6: 183 | I6: 1704 | J6: 995 | K6: 154 | L6: =(F6+G6+H6)/I6 -> 0.6508216 | M6: #FutureOfDriving | N6: SustainabilityDrive
A7: P062 | B7: Twitter | C7: 45618 | D7: Carousel | E7: Check out our latest carousel on twitter! | F7: 53 | G7: 81 | H7: 379 | I7: 954 | J7: 7 | K7: 148 | L7: =(F7+G7+H7)/I7 -> 0.53773585 | M7: #TeslaCoInnovation | N7: FSDUpdate
A8: P264 | B8: Twitter | C8: 45687 | D8: Image | E8: Check out our latest image on twitter! | F8: 59 | G8: 163 | H8: 93 | I8: 590 | J8: 475 | K8: 293 | L8: =(F8+G8+H8)/I8 -> 0.53389831 | M8: #TeslaCoInnovation | N8: ModelYCampaign
A9: P143 | B9: YouTube | C9: 45567 | D9: Carousel | E9: Check out our latest carousel on youtube! | F9: 80 | G9: 362 | H9: 80 | I9: 1040 | J9: 349 | K9: 117 | L9: =(F9+G9+H9)/I9 -> 0.50192308 | M9: #TeslaCoInnovation | N9: FSDUpdate
A10: P210 | B10: YouTube | C10: 45707 | D10: Image | E10: Check out our latest image on youtube! | F10: 257 | G10: 966 | H10: 398 | I10: 3341 | J10: 2753 | K10: 287 | L10: =(F10+G10+H10)/I10 -> 0.48518408 | M10: #FutureOfDriving | N10: CybertruckLaunch
A11: P070 | B11: Facebook | C11: 45749 | D11: Video | E11: Check out our latest video on facebook! | F11: 199 | G11: 772 | H11: 400 | I11: 3582 | J11: 2988 | K11: 43 | L11: =(F11+G11+H11)/I11 -> 0.38274707 | M11: #TeslaCoInnovation
A12: P214 | B12: Instagram | C12: 45649 | D12: Image | E12: Check out our latest image on instagram! | F12: 521 | G12: 746 | H12: 315 | I12: 4168 | J12: 3399 | K12: 282 | L12: =(F12+G12+H12)/I12 -> 0.37955854 | M12: #FutureOfDriving | N12: ModelYCampaign
A13: P053 | B13: YouTube | C13: 45712 | D13: Carousel | E13: Check out our latest carousel on youtube! | F13: 804 | G13: 639 | H13: 43 | I13: 4020 | J13: 3144 | K13: 11 | L13: =(F13+G13+H13)/I13 -> 0.36965174 | M13: #EVRevolution,#BetterWithTesla
A14: P102 | B14: Twitter | C14: 45553 | D14: Reel | E14: Check out our latest reel on twitter! | F14: 1000 | G14: 978 | H14: 162 | I14: 6000 | J14: 5221 | K14: 223 | L14: =(F14+G14+H14)/I14 -> 0.35666667 | M14: #EVRevolution | N14: ModelYCampaign
A15: P124 | B15: YouTube | C15: 45753 | D15: Carousel | E15: Check out our latest carousel on youtube! | F15: 736 | G15: 771 | H15: 225 | I15: 5152 | J15: 4706 | K15: 19 | L15: =(F15+G15+H15)/I15 -> 0.33618012 | M15: #EVRevolution | N15: CybertruckLaunch
A16: P121 | B16: Instagram | C16: 45502 | D16: Story | E16: Check out our latest story on instagram! | F16: 498 | G16: 701 | H16: 412 | I16: 4980 | J16: 4185 | K16: 185 | L16: =(F16+G16+H16)/I16 -> 0.32349398 | M16: #FutureOfDriving
A17: P224 | B17: Facebook | C17: 45790 | D17: Image | E17: Check out our latest image on facebook! | F17: 602 | G17: 594 | H17: 156 | I17: 4214 | J17: 3363 | K17: 164 | L17: =(F17+G17+H17)/I17 -> 0.32083531 | M17: #TeslaCoInnovation | N17: FSDUpdate
A18: P154 | B18: Instagram | C18: 45574 | D18: Carousel | E18: Check out our latest carousel on instagram! | F18: 985 | G18: 932 | H18: 287 | I18: 6895 | J18: 6757 | K18: 64 | L18: =(F18+G18+H18)/I18 -> 0.31965192 | M18: #FutureOfDriving | N18: SustainabilityDrive
A19: P119 | B19: Instagram | C19: 45695 | D19: Reel | E19: Check out our latest reel on instagram! | F19: 1970 | G19: 675 | H19: 478 | I19: 9850 | J19: 8924 | K19: 117 | L19: =(F19+G19+H19)/I19 -> 0.31705584 | M19: #FutureOfDriving
A20: P287 | B20: Instagram | C20: 45519 | D20: Reel | E20: Check out our latest reel on instagram! | F20: 1164 | G20: 616 | H20: 324 | I20: 6984 | J20: 6636 | K20: 82 | L20: =(F20+G20+H20)/I20 -> 0.30126002 | M20: #EVRevolution | N20: CybertruckLaunch
A21: P204 | B21: Instagram | C21: 45658 | D21: Carousel | E21: Check out our latest carousel on instagram! | F21: 2234 | G21: 653 | H21: 432 | I21: 11170 | J21: 10569 | K21: 198 | L21: =(F21+G21+H21)/I21 -> 0.29713518 | M21: #FutureOfDriving | N21: FSDUpdate
A22: P066 | B22: Twitter | C22: 45499 | D22: Carousel | E22: Check out our latest carousel on twitter! | F22: 432 | G22: 171 | H22: 280 | I22: 3024 | J22: 2285 | K22: 184 | L22: =(F22+G22+H22)/I22 -> 0.29199735 | M22: #EVRevolution | N22: CybertruckLaunch
A23: P183 | B23: Instagram | C23: 45643 | D23: Story | E23: Check out our latest story on instagram! | F23: 360 | G23: 590 | H23: 393 | I23: 4680 | J23: 4322 | K23: 208 | L23: =(F23+G23+H23)/I23 -> 0.28696581 | M23: #FutureOfDriving | N23: ModelYCampaign
A24: P031 | B24: Instagram | C24: 45642 | D24: Text | E24: Check out our latest text on instagram! | F24: 438 | G24: 153 | H24: 275 | I24: 3066 | J24: 2701 | K24: 282 | L24: =(F24+G24+H24)/I24 -> 0.28245271 | M24: #TeslaCoInnovation | N24: ModelYCampaign
A25: P093 | B25: Instagram | C25: 45637 | D25: Video | E25: Check out our latest video on instagram! | F25: 1431 | G25: 951 | H25: 26 | I25: 8586 | J25: 8396 | K25: 150 | L25: =(F25+G25+H25)/I25 -> 0.28045656 | M25: #EVRevolution | N25: FSDUpdate
A26: P263 | B26: Instagram | C26: 45524 | D26: Reel | E26: Check out our latest reel on instagram! | F26: 2603 | G26: 690 | H26: 205 | I26: 13015 | J26: 12130 | K26: 20 | L26: =(F26+G26+H26)/I26 -> 0.26876681 | M26: #FutureOfDriving | N26: ModelYCampaign
A27: P248 | B27: Facebook | C27: 45690 | D27: Story | E27: Check out our latest story on facebook! | F27: 886 | G27: 126 | H27: 153 | I27: 4430 | J27: 4037 | K27: 212 | L27: =(F27+G27+H27)/I27 -> 0.26297968 | M27: #EVRevolution
A28: P244 | B28: YouTube | C28: 45590 | D28: Video | E28: Check out our latest video on youtube! | F28: 4661 | G28: 935 | H28: 433 | I28: 23305 | J28: 22583 | K28: 63 | L28: =(F28+G28+H28)/I28 -> 0.25869985 | M28: #FutureOfDriving | N28: FSDUpdate
A29: P259 | B29: Facebook | C29: 45698 | D29: Text | E29: Check out our latest text on facebook! | F29: 562 | G29: 158 | H29: 149 | I29: 3372 | J29: 2940 | K29: 93 | L29: =(F29+G29+H29)/I29 -> 0.25771056 | M29: #TeslaCoInnovation | N29: CybertruckLaunch
A30: P219 | B30: Twitter | C30: 45685 | D30: Reel | E30: Check out our latest reel on twitter! | F30: 1188 | G30: 470 | H30: 174 | I30: 7128 | J30: 6145 | K30: 270 | L30: =(F30+G30+H30)/I30 -> 0.25701459 | M30: #TeslaCoInnovation | N30: SustainabilityDrive
A31: P226 | B31: Instagram | C31: 45511 | D31: Carousel | E31: Check out our latest carousel on instagram! | F31: 1741 | G31: 164 | H31: 318 | I31: 8705 | J31: 8272 | K31: 121 | L31: =(F31+G31+H31)/I31 -> 0.25537048 | M31: #TeslaCoInnovation
A32: P265 | B32: Twitter | C32: 45708 | D32: Carousel | E32: Check out our latest carousel on twitter! | F32: 1877 | G32: 745 | H32: 225 | I32: 11262 | J32: 10967 | K32: 41 | L32: =(F32+G32+H32)/I32 -> 0.25279702 | M32: #EVRevolution | N32: SustainabilityDrive
A33: P239 | B33: YouTube | C33: 45712 | D33: Text | E33: Check out our latest text on youtube! | F33: 4188 | G33: 942 | H33: 118 | I33: 20940 | J33: 20471 | K33: 102 | L33: =(F33+G33+H33)/I33 -> 0.25062082 | M33: #FutureOfDriving
A34: P277 | B34: Facebook | C34: 45753 | D34: Image | E34: Check out our latest image on facebook! | F34: 4236 | G34: 711 | H34: 298 | I34: 21180 | J34: 20516 | K34: 238 | L34: =(F34+G34+H34)/I34 -> 0.24763928 | M34: #FutureOfDriving | N34: CybertruckLaunch
A35: P297 | B35: Twitter | C35: 45650 | D35: Text | E35: Check out our latest text on twitter! | F35: 2166 | G35: 354 | H35: 117 | I35: 10830 | J35: 10245 | K35: 24 | L35: =(F35+G35+H35)/I35 -> 0.2434903 | M35: #EVRevolution | N35: SustainabilityDrive
A36: P181 | B36: YouTube | C36: 45737 | D36: Image | E36: Check out our latest image on youtube! | F36: 606 | G36: 789 | H36: 470 | I36: 7878 | J36: 7389 | K36: 239 | L36: =(F36+G36+H36)/I36 -> 0.23673521 | M36: #EVRevolution | N36: FSDUpdate
A37: P246 | B37: Facebook | C37: 45576 | D37: Image | E37: Check out our latest image on facebook! | F37: 400 | G37: 680 | H37: 434 | I37: 6400 | J37: 5472 | K37: 160 | L37: =(F37+G37+H37)/I37 -> 0.2365625 | M37: #FutureOfDriving | N37: ModelYCampaign
A38: P123 | B38: Instagram | C38: 45457 | D38: Story | E38: Check out our latest story on instagram! | F38: 4363 | G38: 649 | H38: 140 | I38: 21815 | J38: 21481 | K38: 157 | L38: =(F38+G38+H38)/I38 -> 0.23616777 | M38: #EVRevolution | N38: CybertruckLaunch
A39: P120 | B39: Facebook | C39: 45586 | D39: Story | E39: Check out our latest story on facebook! | F39: 780 | G39: 928 | H39: 301 | I39: 8580 | J39: 8081 | K39: 91 | L39: =(F39+G39+H39)/I39 -> 0.23414918 | M39: #EVRevolution | N39: FSDUpdate
A40: P141 | B40: Twitter | C40: 45535 | D40: Image | E40: Check out our latest image on twitter! | F40: 3170 | G40: 857 | H40: 379 | I40: 19020 | J40: 18559 | K40: 240 | L40: =(F40+G40+H40)/I40 -> 0.23165089 | M40: #FutureOfDriving
A41: P163 | B41: Instagram | C41: 45755 | D41: Image | E41: Check out our latest image on instagram! | F41: 4501 | G41: 375 | H41: 323 | I41: 22505 | J41: 21836 | K41: 132 | L41: =(F41+G41+H41)/I41 -> 0.23101533 | M41: #TeslaCoInnovation | N41: ModelYCampaign
A42: P269 | B42: Instagram | C42: 45601 | D42: Video | E42: Check out our latest video on instagram! | F42: 4561 | G42: 51 | H42: 441 | I42: 22805 | J42: 21890 | K42: 45 | L42: =(F42+G42+H42)/I42 -> 0.22157422 | M42: #TeslaCoInnovation | N42: ModelYCampaign
A43: P042 | B43: YouTube | C43: 45721 | D43: Reel | E43: Check out our latest reel on youtube! | F43: 1543 | G43: 820 | H43: 333 | I43: 12344 | J43: 11496 | K43: 241 | L43: =(F43+G43+H43)/I43 -> 0.2184057 | M43: #EVRevolution
A44: P043 | B44: Instagram | C44: 45640 | D44: Carousel | E44: Check out our latest carousel on instagram! | F44: 2174 | G44: 658 | H44: 15 | I44: 13044 | J44: 12206 | K44: 137 | L44: =(F44+G44+H44)/I44 -> 0.21826127 | M44: #TeslaCoInnovation | N44: FSDUpdate
A45: P159 | B45: Facebook | C45: 45621 | D45: Story | E45: Check out our latest story on facebook! | F45: 2120 | G45: 158 | H45: 488 | I45: 12720 | J45: 12085 | K45: 17 | L45: =(F45+G45+H45)/I45 -> 0.21745283 | M45: #FutureOfDriving | N45: ModelYCampaign
A46: P146 | B46: YouTube | C46: 45448 | D46: Reel | E46: Check out our latest reel on youtube! | F46: 3065 | G46: 772 | H46: 142 | I46: 18390 | J46: 17875 | K46: 200 | L46: =(F46+G46+H46)/I46 -> 0.21636759 | M46: #EVRevolution,#AnytimeIsTeslaTime
A47: P029 | B47: Instagram | C47: 45688 | D47: Carousel | E47: Check out our latest carousel on instagram! | F47: 2566 | G47: 118 | H47: 37 | I47: 12830 | J47: 12264 | K47: 221 | L47: =(F47+G47+H47)/I47 -> 0.21208106 | M47: #FutureOfDriving | N47: FSDUpdate
A48: P137 | B48: Facebook | C48: 45504 | D48: Video | E48: Check out our latest video on facebook! | F48: 3008 | G48: 94 | H48: 37 | I48: 15040 | J48: 14639 | K48: 277 | L48: =(F48+G48+H48)/I48 -> 0.20871011 | M48: #FutureOfDriving
A49: P087 | B49: Twitter | C49: 45449 | D49: Video | E49: Check out our latest video on twitter! | F49: 1436 | G49: 765 | H49: 496 | I49: 12924 | J49: 12701 | K49: 197 | L49: =(F49+G49+H49)/I49 -> 0.20868152 | M49: #FutureOfDriving | N49: FSDUpdate
A50: P271 | B50: Instagram | C50: 45582 | D50: Video | E50: Check out our latest video on instagram! | F50: 3575 | G50: 749 | H50: 111 | I50: 21450 | J50: 20785 | K50: 195 | L50: =(F50+G50+H50)/I50 -> 0.20675991 | M50: #EVRevolution | N50: ModelYCampaign
A51: P077 | B51: Facebook | C51: 45720 | D51: Story | E51: Check out our latest story on facebook! | F51: 1249 | G51: 116 | H51: 420 | I51: 8743 | J51: 8538 | K51: 63 | L51: =(F51+G51+H51)/I51 -> 0.20416333 | M51: #TeslaCoInnovation
A52: P136 | B52: Instagram | C52: 45484 | D52: Text | E52: Check out our latest text on instagram! | F52: 3134 | G52: 888 | H52: 444 | I52: 21938 | J52: 21337 | K52: 130 | L52: =(F52+G52+H52)/I52 -> 0.20357371 | M52: #EVRevolution | N52: SustainabilityDrive
A53: P258 | B53: Instagram | C53: 45509 | D53: Story | E53: Check out our latest story on instagram! | F53: 3601 | G53: 695 | H53: 75 | I53: 21606 | J53: 21454 | K53: 172 | L53: =(F53+G53+H53)/I53 -> 0.20230492 | M53: #EVRevolution | N53: ModelYCampaign
A54: P276 | B54: Twitter | C54: 45450 | D54: Carousel | E54: Check out our latest carousel on twitter! | F54: 1556 | G54: 195 | H54: 131 | I54: 9336 | J54: 8875 | K54: 137 | L54: =(F54+G54+H54)/I54 -> 0.20158526 | M54: #TeslaCoInnovation | N54: ModelYCampaign
A55: P148 | B55: Instagram | C55: 45762 | D55: Video | E55: Check out our latest video on instagram! | F55: 4133 | G55: 466 | H55: 327 | I55: 24798 | J55: 24620 | K55: 176 | L55: =(F55+G55+H55)/I55 -> 0.19864505 | M55: #EVRevolution | N55: SustainabilityDrive
A56: P198 | B56: Twitter | C56: 45549 | D56: Image | E56: Check out our latest image on twitter! | F56: 1048 | G56: 374 | H56: 450 | I56: 9432 | J56: 8882 | K56: 158 | L56: =(F56+G56+H56)/I56 -> 0.19847328 | M56: #TeslaCoInnovation | N56: FSDUpdate
A57: P152 | B57: Facebook | C57: 45769 | D57: Image | E57: Check out our latest image on facebook! | F57: 4804 | G57: 550 | H57: 270 | I57: 28824 | J57: 28370 | K57: 47 | L57: =(F57+G57+H57)/I57 -> 0.19511518 | M57: #EVRevolution | N57: SustainabilityDrive
A58: P286 | B58: YouTube | C58: 45560 | D58: Video | E58: Check out our latest video on youtube! | F58: 3389 | G58: 344 | H58: 229 | I58: 20334 | J58: 19443 | K58: 228 | L58: =(F58+G58+H58)/I58 -> 0.19484607 | M58: #FutureOfDriving | N58: FSDUpdate
A59: P068 | B59: Instagram | C59: 45634 | D59: Story | E59: Check out our latest story on instagram! | F59: 2610 | G59: 126 | H59: 288 | I59: 15660 | J59: 15145 | K59: 73 | L59: =(F59+G59+H59)/I59 -> 0.19310345 | M59: #EVRevolution
A60: P085 | B60: Instagram | C60: 45766 | D60: Image | E60: Check out our latest image on instagram! | F60: 4177 | G60: 569 | H60: 55 | I60: 25062 | J60: 24847 | K60: 230 | L60: =(F60+G60+H60)/I60 -> 0.19156492 | M60: #FutureOfDriving | N60: CybertruckLaunch
A61: P032 | B61: Twitter | C61: 45504 | D61: Carousel | E61: Check out our latest carousel on twitter! | F61: 2278 | G61: 10 | H61: 321 | I61: 13668 | J61: 12676 | K61: 275 | L61: =(F61+G61+H61)/I61 -> 0.19088382 | M61: #EVRevolution | N61: CybertruckLaunch
A62: P218 | B62: Facebook | C62: 45454 | D62: Carousel | E62: Check out our latest carousel on facebook! | F62: 1869 | G62: 453 | H62: 490 | I62: 14952 | J62: 14309 | K62: 275 | L62: =(F62+G62+H62)/I62 -> 0.18806849 | M62: #TeslaCoInnovation | N62: SustainabilityDrive
A63: P211 | B63: Twitter | C63: 45491 | D63: Carousel | E63: Check out our latest carousel on twitter! | F63: 2120 | G63: 38 | H63: 212 | I63: 12720 | J63: 12564 | K63: 21 | L63: =(F63+G63+H63)/I63 -> 0.18632075 | M63: #FutureOfDriving | N63: SustainabilityDrive
A64: P242 | B64: Facebook | C64: 45480 | D64: Reel | E64: Check out our latest reel on facebook! | F64: 4767 | G64: 190 | H64: 340 | I64: 28602 | J64: 28044 | K64: 210 | L64: =(F64+G64+H64)/I64 -> 0.18519684 | M64: #EVRevolution | N64: FSDUpdate
A65: P041 | B65: Instagram | C65: 45724 | D65: Reel | E65: Check out our latest reel on instagram! | F65: 456 | G65: 629 | H65: 428 | I65: 8208 | J65: 7377 | K65: 205 | L65: =(F65+G65+H65)/I65 -> 0.18433236 | M65: #FutureOfDriving | N65: SustainabilityDrive
A66: P294 | B66: Facebook | C66: 45462 | D66: Carousel | E66: Check out our latest carousel on facebook! | F66: 4731 | G66: 173 | H66: 276 | I66: 28386 | J66: 28185 | K66: 89 | L66: =(F66+G66+H66)/I66 -> 0.18248432 | M66: #EVRevolution | N66: FSDUpdate
A67: P006 | B67: Facebook | C67: 45596 | D67: Carousel | E67: Check out our latest carousel on facebook! | F67: 2945 | G67: 930 | H67: 355 | I67: 23560 | J67: 23275 | K67: 256 | L67: =(F67+G67+H67)/I67 -> 0.1795416 | M67: #TeslaCoInnovation | N67: ModelYCampaign
A68: P153 | B68: Twitter | C68: 45658 | D68: Video | E68: Check out our latest video on twitter! | F68: 754 | G68: 197 | H68: 257 | I68: 6786 | J68: 6221 | K68: 212 | L68: =(F68+G68+H68)/I68 -> 0.17801356 | M68: #TeslaCoInnovation | N68: FSDUpdate
A69: P037 | B69: Facebook | C69: 45663 | D69: Carousel | E69: Check out our latest carousel on facebook! | F69: 3024 | G69: 925 | H69: 350 | I69: 24192 | J69: 23518 | K69: 36 | L69: =(F69+G69+H69)/I69 -> 0.17770337 | M69: #EVRevolution | N69: ModelYCampaign
A70: P241 | B70: Facebook | C70: 45675 | D70: Story | E70: Check out our latest story on facebook! | F70: 4321 | G70: 874 | H70: 172 | I70: 30247 | J70: 29254 | K70: 122 | L70: =(F70+G70+H70)/I70 -> 0.17743908 | M70: #TeslaCoInnovation | N70: SustainabilityDrive
A71: P112 | B71: Twitter | C71: 45570 | D71: Story | E71: Check out our latest story on twitter! | F71: 1957 | G71: 877 | H71: 238 | I71: 17613 | J71: 16865 | K71: 297 | L71: =(F71+G71+H71)/I71 -> 0.17441662 | M71: #FutureOfDriving | N71: FSDUpdate
A72: P129 | B72: Twitter | C72: 45494 | D72: Text | E72: Check out our latest text on twitter! | F72: 2147 | G72: 430 | H72: 393 | I72: 17176 | J72: 16483 | K72: 170 | L72: =(F72+G72+H72)/I72 -> 0.1729157 | M72: #TeslaCoInnovation
A73: P028 | B73: Instagram | C73: 45720 | D73: Video | E73: Check out our latest video on instagram! | F73: 432 | G73: 624 | H73: 123 | I73: 6912 | J73: 6259 | K73: 79 | L73: =(F73+G73+H73)/I73 -> 0.17057292 | M73: #FutureOfDriving | N73: SustainabilityDrive
A74: P046 | B74: Twitter | C74: 45779 | D74: Video | E74: Check out our latest video on twitter! | F74: 1108 | G74: 177 | H74: 212 | I74: 8864 | J74: 8710 | K74: 97 | L74: =(F74+G74+H74)/I74 -> 0.16888538 | M74: #TeslaCoInnovation | N74: SustainabilityDrive
A75: P089 | B75: Twitter | C75: 45667 | D75: Image | E75: Check out our latest image on twitter! | F75: 2214 | G75: 249 | H75: 152 | I75: 15498 | J75: 14800 | K75: 180 | L75: =(F75+G75+H75)/I75 -> 0.16873145 | M75: #EVRevolution
A76: P094 | B76: Instagram | C76: 45603 | D76: Image | E76: Check out our latest image on instagram! | F76: 2647 | G76: 304 | H76: 170 | I76: 18529 | J76: 17841 | K76: 46 | L76: =(F76+G76+H76)/I76 -> 0.16843866 | M76: #FutureOfDriving | N76: FSDUpdate
A77: P116 | B77: YouTube | C77: 45734 | D77: Reel | E77: Check out our latest reel on youtube! | F77: 3704 | G77: 186 | H77: 458 | I77: 25928 | J77: 25081 | K77: 131 | L77: =(F77+G77+H77)/I77 -> 0.16769516 | M77: #TeslaCoInnovation
A78: P275 | B78: Facebook | C78: 45509 | D78: Reel | E78: Check out our latest reel on facebook! | F78: 1741 | G78: 831 | H78: 345 | I78: 17410 | J78: 16844 | K78: 58 | L78: =(F78+G78+H78)/I78 -> 0.16754739 | M78: #EVRevolution | N78: FSDUpdate
A79: P109 | B79: Twitter | C79: 45512 | D79: Story | E79: Check out our latest story on twitter! | F79: 3649 | G79: 215 | H79: 413 | I79: 25543 | J79: 24963 | K79: 167 | L79: =(F79+G79+H79)/I79 -> 0.16744314 | M79: #FutureOfDriving | N79: FSDUpdate
A80: P047 | B80: Twitter | C80: 45712 | D80: Carousel | E80: Check out our latest carousel on twitter! | F80: 2704 | G80: 752 | H80: 153 | I80: 21632 | J80: 20792 | K80: 127 | L80: =(F80+G80+H80)/I80 -> 0.16683617 | M80: #FutureOfDriving
A81: P295 | B81: Twitter | C81: 45783 | D81: Image | E81: Check out our latest image on twitter! | F81: 1952 | G81: 344 | H81: 287 | I81: 15616 | J81: 15403 | K81: 235 | L81: =(F81+G81+H81)/I81 -> 0.16540727 | M81: #FutureOfDriving,#TeslaCoInnovation,#AnytimeIsTeslaTime | N81: ModelYCampaign
A82: P054 | B82: YouTube | C82: 45729 | D82: Carousel | E82: Check out our latest carousel on youtube! | F82: 1686 | G82: 904 | H82: 472 | I82: 18546 | J82: 18171 | K82: 52 | L82: =(F82+G82+H82)/I82 -> 0.16510299 | M82: #FutureOfDriving | N82: ModelYCampaign
A83: P060 | B83: Instagram | C83: 45685 | D83: Video | E83: Check out our latest video on instagram! | F83: 904 | G83: 973 | H83: 63 | I83: 11752 | J83: 11580 | K83: 84 | L83: =(F83+G83+H83)/I83 -> 0.16507828 | M83: #EVRevolution,#TeslaCoInnovation,#AnytimeIsTeslaTime | N83: FSDUpdate
A84: P083 | B84: YouTube | C84: 45580 | D84: Video | E84: Check out our latest video on youtube! | F84: 1094 | G84: 472 | H84: 21 | I84: 9846 | J84: 9609 | K84: 112 | L84: =(F84+G84+H84)/I84 -> 0.16118221 | M84: #EVRevolution
A85: P138 | B85: Twitter | C85: 45745 | D85: Image | E85: Check out our latest image on twitter! | F85: 305 | G85: 187 | H85: 243 | I85: 4575 | J85: 3704 | K85: 234 | L85: =(F85+G85+H85)/I85 -> 0.16065574 | M85: #FutureOfDriving | N85: FSDUpdate
A86: P221 | B86: Facebook | C86: 45739 | D86: Video | E86: Check out our latest video on facebook! | F86: 4453 | G86: 111 | H86: 420 | I86: 31171 | J86: 30565 | K86: 23 | L86: =(F86+G86+H86)/I86 -> 0.15989221 | M86: #TeslaCoInnovation
A87: P252 | B87: Facebook | C87: 45775 | D87: Carousel | E87: Check out our latest carousel on facebook! | F87: 2089 | G87: 476 | H87: 69 | I87: 16712 | J87: 16309 | K87: 64 | L87: =(F87+G87+H87)/I87 -> 0.1576113 | M87: #FutureOfDriving | N87: FSDUpdate
A88: P052 | B88: Facebook | C88: 45660 | D88: Image | E88: Check out our latest image on facebook! | F88: 947 | G88: 338 | H88: 350 | I88: 10417 | J88: 9730 | K88: 34 | L88: =(F88+G88+H88)/I88 -> 0.15695498 | M88: #TeslaCoInnovation | N88: SustainabilityDrive
A89: P140 | B89: Facebook | C89: 45488 | D89: Image | E89: Check out our latest image on facebook! | F89: 2291 | G89: 78 | H89: 485 | I89: 18328 | J89: 18101 | K89: 10 | L89: =(F89+G89+H89)/I89 -> 0.15571803 | M89: #EVRevolution,#SmoothLikeNitroTesla | N89: ModelYCampaign
A90: P165 | B90: Twitter | C90: 45637 | D90: Text | E90: Check out our latest text on twitter! | F90: 3239 | G90: 43 | H90: 211 | I90: 22673 | J90: 22171 | K90: 230 | L90: =(F90+G90+H90)/I90 -> 0.1540599 | M90: #TeslaCoInnovation | N90: ModelYCampaign
A91: P164 | B91: YouTube | C91: 45715 | D91: Text | E91: Check out our latest text on youtube! | F91: 4934 | G91: 971 | H91: 156 | I91: 39472 | J91: 39025 | K91: 169 | L91: =(F91+G91+H91)/I91 -> 0.15355188 | M91: #TeslaCoInnovation,#AnytimeIsTeslaTime | N91: SustainabilityDrive
A92: P262 | B92: YouTube | C92: 45675 | D92: Image | E92: Check out our latest image on youtube! | F92: 1206 | G92: 238 | H92: 36 | I92: 9648 | J92: 9417 | K92: 237 | L92: =(F92+G92+H92)/I92 -> 0.15339967 | M92: #TeslaCoInnovation
A93: P147 | B93: Instagram | C93: 45586 | D93: Reel | E93: Check out our latest reel on instagram! | F93: 3256 | G93: 459 | H93: 266 | I93: 26048 | J93: 25529 | K93: 143 | L93: =(F93+G93+H93)/I93 -> 0.15283323 | M93: #TeslaCoInnovation | N93: ModelYCampaign
A94: P004 | B94: Instagram | C94: 45516 | D94: Story | E94: Check out our latest story on instagram! | F94: 2404 | G94: 363 | H94: 138 | I94: 19232 | J94: 18636 | K94: 128 | L94: =(F94+G94+H94)/I94 -> 0.15105033 | M94: #EVRevolution | N94: SustainabilityDrive
A95: P014 | B95: Facebook | C95: 45704 | D95: Story | E95: Check out our latest story on facebook! | F95: 4242 | G95: 555 | H95: 131 | I95: 33936 | J95: 33802 | K95: 265 | L95: =(F95+G95+H95)/I95 -> 0.14521452 | M95: #FutureOfDriving
A96: P192 | B96: Instagram | C96: 45625 | D96: Video | E96: Check out our latest video on instagram! | F96: 1176 | G96: 464 | H96: 394 | I96: 14112 | J96: 13588 | K96: 272 | L96: =(F96+G96+H96)/I96 -> 0.14413265 | M96: #EVRevolution
A97: P173 | B97: Twitter | C97: 45631 | D97: Video | E97: Check out our latest video on twitter! | F97: 1330 | G97: 925 | H97: 35 | I97: 15960 | J97: 15379 | K97: 229 | L97: =(F97+G97+H97)/I97 -> 0.14348371 | M97: #FutureOfDriving | N97: FSDUpdate
A98: P166 | B98: Twitter | C98: 45704 | D98: Reel | E98: Check out our latest reel on twitter! | F98: 1076 | G98: 313 | H98: 306 | I98: 11836 | J98: 11596 | K98: 104 | L98: =(F98+G98+H98)/I98 -> 0.14320716 | M98: #FutureOfDriving | N98: CybertruckLaunch
A99: P207 | B99: Twitter | C99: 45655 | D99: Carousel | E99: Check out our latest carousel on twitter! | F99: 4274 | G99: 340 | H99: 281 | I99: 34192 | J99: 33446 | K99: 129 | L99: =(F99+G99+H99)/I99 -> 0.14316214 | M99: #TeslaCoInnovation,#SmoothLikeNitroTesla | N99: FSDUpdate
A100: P061 | B100: Twitter | C100: 45540 | D100: Video | E100: Check out our latest video on twitter! | F100: 4886 | G100: 983 | H100: 409 | I100: 43974 | J100: 43239 | K100: 65 | L100: =(F100+G100+H100)/I100 -> 0.14276618 | M100: #TeslaCoInnovation | N100: CybertruckLaunch
...

Sheet Engagement Summary
A1: Week_Start_Date | B1: Platform | C1: New_Followers | D1: Unfollows | E1: Total_Followers | F1: Engagement_Rate | G1: Ad_Spend | H1: Campaign | I1: Follower Growth
A2: 45446 | B2: Facebook | C2: 1312 | D2: 310 | E2: 42654 | F2: 4.98 | G2: 9566 | H2: {=_xlfn.IFS(A2<'Campaign Metadata'!$B$2,"Before CybertruckLaunch",'Engagement Summary'!A3<='Campaign Metadata'!$C$2,"CybertruckLaunch",A2<'Campaign Metadata'!$B$3,"Before ModelYCampaign",A2<='Campaign Metadata'!$C$3,"ModelYCampaign",A2<'Campaign Metadata'!$B$4,"Before FSDUpdate",A2<='Campaign Metadata'!$C$4,FSDUpdate,A2<'Campaign Metadata'!$B$5,Before SustainabilityDrive,A2<'Campaign Metadata'!$C$5,"Sustainability Drive")} -> Before CybertruckLaunch | I2: =C2-D2 -> 1002
A3: 45453 | B3: Facebook | C3: 1697 | D3: 414 | E3: 316555 | F3: 2.37 | G3: 7924 | H3: {=_xlfn.IFS(A3<'Campaign Metadata'!$B$2,"Before CybertruckLaunch",'Engagement Summary'!A7<='Campaign Metadata'!$C$2,"CybertruckLaunch",A3<'Campaign Metadata'!$B$3,"Before ModelYCampaign",A3<='Campaign Metadata'!$C$3,"ModelYCampaign",A3<'Campaign Metadata'!$B$4,"Before FSDUpdate",A3<='Campaign Metadata'!$C$4,FSDUpdate,A3<'Campaign Metadata'!$B$5,Before SustainabilityDrive,A3<'Campaign Metadata'!$C$5,"Sustainability Drive")} -> Before CybertruckLaunch | I3: =C3-D3 -> 1283
A4: 45460 | B4: Facebook | C4: 1753 | D4: 371 | E4: 169496 | F4: 8.11 | G4: 46670 | H4: {=_xlfn.IFS(A4<'Campaign Metadata'!$B$2,"Before CybertruckLaunch",'Engagement Summary'!A11<='Campaign Metadata'!$C$2,"CybertruckLaunch",A4<'Campaign Metadata'!$B$3,"Before ModelYCampaign",A4<='Campaign Metadata'!$C$3,"ModelYCampaign",A4<'Campaign Metadata'!$B$4,"Before FSDUpdate",A4<='Campaign Metadata'!$C$4,FSDUpdate,A4<'Campaign Metadata'!$B$5,Before SustainabilityDrive,A4<'Campaign Metadata'!$C$5,"Sustainability Drive")} -> Before ModelYCampaign | I4: =C4-D4 -> 1382
A5: 45467 | B5: Facebook | C5: 1779 | D5: 109 | E5: 26295 | F5: 9.12 | G5: 30635 | H5: {=_xlfn.IFS(A5<'Campaign Metadata'!$B$2,"Before CybertruckLaunch",'Engagement Summary'!A15<='Campaign Metadata'!$C$2,"CybertruckLaunch",A5<'Campaign Metadata'!$B$3,"Before ModelYCampaign",A5<='Campaign Metadata'!$C$3,"ModelYCampaign",A5<'Campaign Metadata'!$B$4,"Before FSDUpdate",A5<='Campaign Metadata'!$C$4,FSDUpdate,A5<'Campaign Metadata'!$B$5,Before SustainabilityDrive,A5<'Campaign Metadata'!$C$5,"Sustainability Drive")} -> Before ModelYCampaign | I5: =C5-D5 -> 1670
A6: 45474 | B6: Facebook | C6: 505 | D6: 441 | E6: 220020 | F6: 4.48 | G6: 42307 | H6: {=_xlfn.IFS(A6<'Campaign Metadata'!$B$2,"Before CybertruckLaunch",'Engagement Summary'!A19<='Campaign Metadata'!$C$2,"CybertruckLaunch",A6<'Campaign Metadata'!$B$3,"Before ModelYCampaign",A6<='Campaign Metadata'!$C$3,"ModelYCampaign",A6<'Campaign Metadata'!$B$4,"Before FSDUpdate",A6<='Campaign Metadata'!$C$4,FSDUpdate,A6<'Campaign Metadata'!$B$5,Before SustainabilityDrive,A6<'Campaign Metadata'!$C$5,"Sustainability Drive")} -> Before ModelYCampaign | I6: =C6-D6 -> 64
A7: 45481 | B7: Facebook | C7: 350 | D7: 41 | E7: 251694 | F7: 1.91 | G7: 38610 | H7: {=_xlfn.IFS(A7<'Campaign Metadata'!$B$2,"Before CybertruckLaunch",'Engagement Summary'!A23<='Campaign Metadata'!$C$2,"CybertruckLaunch",A7<'Campaign Metadata'!$B$3,"Before ModelYCampaign",A7<='Campaign Metadata'!$C$3,"ModelYCampaign",A7<'Campaign Metadata'!$B$4,"Before FSDUpdate",A7<='Campaign Metadata'!$C$4,FSDUpdate,A7<'Campaign Metadata'!$B$5,Before SustainabilityDrive,A7<'Campaign Metadata'!$C$5,"Sustainability Drive")} -> Before ModelYCampaign | I7: =C7-D7 -> 309
A8: 45488 | B8: Facebook | C8: 170 | D8: 334 | E8: 334626 | F8: 6.44 | G8: 43420 | H8: {=_xlfn.IFS(A8<'Campaign Metadata'!$B$2,"Before CybertruckLaunch",'Engagement Summary'!A27<='Campaign Metadata'!$C$2,"CybertruckLaunch",A8<'Campaign Metadata'!$B$3,"Before ModelYCampaign",A8<='Campaign Metadata'!$C$3,"ModelYCampaign",A8<'Campaign Metadata'!$B$4,"Before FSDUpdate",A8<='Campaign Metadata'!$C$4,FSDUpdate,A8<'Campaign Metadata'!$B$5,Before SustainabilityDrive,A8<'Campaign Metadata'!$C$5,"Sustainability Drive")} -> Before ModelYCampaign | I8: =C8-D8 -> -164
A9: 45495 | B9: Facebook | C9: 1391 | D9: 430 | E9: 295032 | F9: 7.86 | G9: 26067 | H9: {=_xlfn.IFS(A9<'Campaign Metadata'!$B$2,"Before CybertruckLaunch",'Engagement Summary'!A31<='Campaign Metadata'!$C$2,"CybertruckLaunch",A9<'Campaign Metadata'!$B$3,"Before ModelYCampaign",A9<='Campaign Metadata'!$C$3,"ModelYCampaign",A9<'Campaign Metadata'!$B$4,"Before FSDUpdate",A9<='Campaign Metadata'!$C$4,FSDUpdate,A9<'Campaign Metadata'!$B$5,Before SustainabilityDrive,A9<'Campaign Metadata'!$C$5,"Sustainability Drive")} -> Before ModelYCampaign | I9: =C9-D9 -> 961
A10: 45502 | B10: Facebook | C10: 160 | D10: 478 | E10: 435034 | F10: 7.73 | G10: 4839 | H10: {=_xlfn.IFS(A10<'Campaign Metadata'!$B$2,"Before CybertruckLaunch",'Engagement Summary'!A35<='Campaign Metadata'!$C$2,"CybertruckLaunch",A10<'Campaign Metadata'!$B$3,"Before ModelYCampaign",A10<='Campaign Metadata'!$C$3,"ModelYCampaign",A10<'Campaign Metadata'!$B$4,"Before FSDUpdate",A10<='Campaign Metadata'!$C$4,FSDUpdate,A10<'Campaign Metadata'!$B$5,Before SustainabilityDrive,A10<'Campaign Metadata'!$C$5,"Sustainability Drive")} -> Before ModelYCampaign | I10: =C10-D10 -> -318
A11: 45509 | B11: Facebook | C11: 214 | D11: 411 | E11: 125034 | F11: 6.11 | G11: 26455 | H11: {=_xlfn.IFS(A11<'Campaign Metadata'!$B$2,"Before CybertruckLaunch",'Engagement Summary'!A39<='Campaign Metadata'!$C$2,"CybertruckLaunch",A11<'Campaign Metadata'!$B$3,"Before ModelYCampaign",A11<='Campaign Metadata'!$C$3,"ModelYCampaign",A11<'Campaign Metadata'!$B$4,"Before FSDUpdate",A11<='Campaign Metadata'!$C$4,FSDUpdate,A11<'Campaign Metadata'!$B$5,Before SustainabilityDrive,A11<'Campaign Metadata'!$C$5,"Sustainability Drive")} -> Before ModelYCampaign | I11: =C11-D11 -> -197
A12: 45516 | B12: Facebook | C12: 1534 | D12: 200 | E12: 307612 | F12: 6.01 | G12: 37903 | H12: {=_xlfn.IFS(A12<'Campaign Metadata'!$B$2,"Before CybertruckLaunch",'Engagement Summary'!A43<='Campaign Metadata'!$C$2,"CybertruckLaunch",A12<'Campaign Metadata'!$B$3,"Before ModelYCampaign",A12<='Campaign Metadata'!$C$3,"ModelYCampaign",A12<'Campaign Metadata'!$B$4,"Before FSDUpdate",A12<='Campaign Metadata'!$C$4,FSDUpdate,A12<'Campaign Metadata'!$B$5,Before SustainabilityDrive,A12<'Campaign Metadata'!$C$5,"Sustainability Drive")} -> Before ModelYCampaign | I12: =C12-D12 -> 1334
A13: 45523 | B13: Facebook | C13: 1078 | D13: 20 | E13: 183924 | F13: 8.84 | G13: 14203 | H13: {=_xlfn.IFS(A13<'Campaign Metadata'!$B$2,"Before CybertruckLaunch",'Engagement Summary'!A47<='Campaign Metadata'!$C$2,"CybertruckLaunch",A13<'Campaign Metadata'!$B$3,"Before ModelYCampaign",A13<='Campaign Metadata'!$C$3,"ModelYCampaign",A13<'Campaign Metadata'!$B$4,"Before FSDUpdate",A13<='Campaign Metadata'!$C$4,FSDUpdate,A13<'Campaign Metadata'!$B$5,Before SustainabilityDrive,A13<'Campaign Metadata'!$C$5,"Sustainability Drive")} -> Before ModelYCampaign | I13: =C13-D13 -> 1058
A14: 45530 | B14: Facebook | C14: 248 | D14: 211 | E14: 379380 | F14: 9.04 | G14: 26925 | H14: {=_xlfn.IFS(A14<'Campaign Metadata'!$B$2,"Before CybertruckLaunch",'Engagement Summary'!A51<='Campaign Metadata'!$C$2,"CybertruckLaunch",A14<'Campaign Metadata'!$B$3,"Before ModelYCampaign",A14<='Campaign Metadata'!$C$3,"ModelYCampaign",A14<'Campaign Metadata'!$B$4,"Before FSDUpdate",A14<='Campaign Metadata'!$C$4,FSDUpdate,A14<'Campaign Metadata'!$B$5,Before SustainabilityDrive,A14<'Campaign Metadata'!$C$5,"Sustainability Drive")} -> Before ModelYCampaign | I14: =C14-D14 -> 37
A15: 45537 | B15: Facebook | C15: 1520 | D15: 475 | E15: 496982 | F15: 6.41 | G15: 24384 | H15: {=_xlfn.IFS(A15<'Campaign Metadata'!$B$2,"Before CybertruckLaunch",'Engagement Summary'!A55<='Campaign Metadata'!$C$2,"CybertruckLaunch",A15<'Campaign Metadata'!$B$3,"Before ModelYCampaign",A15<='Campaign Metadata'!$C$3,"ModelYCampaign",A15<'Campaign Metadata'!$B$4,"Before FSDUpdate",A15<='Campaign Metadata'!$C$4,FSDUpdate,A15<'Campaign Metadata'!$B$5,Before SustainabilityDrive,A15<'Campaign Metadata'!$C$5,"Sustainability Drive")} -> CybertruckLaunch | I15: =C15-D15 -> 1045
A16: 45544 | B16: Facebook | C16: 1842 | D16: 414 | E16: 307524 | F16: 1.76 | G16: 40478 | H16: {=_xlfn.IFS(A16<'Campaign Metadata'!$B$2,"Before CybertruckLaunch",'Engagement Summary'!A59<='Campaign Metadata'!$C$2,"CybertruckLaunch",A16<'Campaign Metadata'!$B$3,"Before ModelYCampaign",A16<='Campaign Metadata'!$C$3,"ModelYCampaign",A16<'Campaign Metadata'!$B$4,"Before FSDUpdate",A16<='Campaign Metadata'!$C$4,FSDUpdate,A16<'Campaign Metadata'!$B$5,Before SustainabilityDrive,A16<'Campaign Metadata'!$C$5,"Sustainability Drive")} -> Before ModelYCampaign | I16: =C16-D16 -> 1428
A17: 45551 | B17: Facebook | C17: 443 | D17: 345 | E17: 474162 | F17: 9.2 | G17: 47462 | H17: {=_xlfn.IFS(A17<'Campaign Metadata'!$B$2,"Before CybertruckLaunch",'Engagement Summary'!A63<='Campaign Metadata'!$C$2,"CybertruckLaunch",A17<'Campaign Metadata'!$B$3,"Before ModelYCampaign",A17<='Campaign Metadata'!$C$3,"ModelYCampaign",A17<'Campaign Metadata'!$B$4,"Before FSDUpdate",A17<='Campaign Metadata'!$C$4,FSDUpdate,A17<'Campaign Metadata'!$B$5,Before SustainabilityDrive,A17<'Campaign Metadata'!$C$5,"Sustainability Drive")} -> Before ModelYCampaign | I17: =C17-D17 -> 98
A18: 45558 | B18: Facebook | C18: 198 | D18: 217 | E18: 239753 | F18: 7.36 | G18: 11901 | H18: {=_xlfn.IFS(A18<'Campaign Metadata'!$B$2,"Before CybertruckLaunch",'Engagement Summary'!A67<='Campaign Metadata'!$C$2,"CybertruckLaunch",A18<'Campaign Metadata'!$B$3,"Before ModelYCampaign",A18<='Campaign Metadata'!$C$3,"ModelYCampaign",A18<'Campaign Metadata'!$B$4,"Before FSDUpdate",A18<='Campaign Metadata'!$C$4,FSDUpdate,A18<'Campaign Metadata'!$B$5,Before SustainabilityDrive,A18<'Campaign Metadata'!$C$5,"Sustainability Drive")} -> Before ModelYCampaign | I18: =C18-D18 -> -19
A19: 45565 | B19: Facebook | C19: 250 | D19: 429 | E19: 453423 | F19: 1.77 | G19: 2315 | H19: {=_xlfn.IFS(A19<'Campaign Metadata'!$B$2,"Before CybertruckLaunch",'Engagement Summary'!A71<='Campaign Metadata'!$C$2,"CybertruckLaunch",A19<'Campaign Metadata'!$B$3,"Before ModelYCampaign",A19<='Campaign Metadata'!$C$3,"ModelYCampaign",A19<'Campaign Metadata'!$B$4,"Before FSDUpdate",A19<='Campaign Metadata'!$C$4,FSDUpdate,A19<'Campaign Metadata'!$B$5,Before SustainabilityDrive,A19<'Campaign Metadata'!$C$5,"Sustainability Drive")} -> Before ModelYCampaign | I19: =C19-D19 -> -179
A20: 45572 | B20: Facebook | C20: 1929 | D20: 267 | E20: 379363 | F20: 1.75 | G20: 43836 | H20: {=_xlfn.IFS(A20<'Campaign Metadata'!$B$2,"Before CybertruckLaunch",'Engagement Summary'!A75<='Campaign Metadata'!$C$2,"CybertruckLaunch",A20<'Campaign Metadata'!$B$3,"Before ModelYCampaign",A20<='Campaign Metadata'!$C$3,"ModelYCampaign",A20<'Campaign Metadata'!$B$4,"Before FSDUpdate",A20<='Campaign Metadata'!$C$4,FSDUpdate,A20<'Campaign Metadata'!$B$5,Before SustainabilityDrive,A20<'Campaign Metadata'!$C$5,"Sustainability Drive")} -> ModelYCampaign | I20: =C20-D20 -> 1662
A21: 45579 | B21: Facebook | C21: 643 | D21: 358 | E21: 157599 | F21: 3.88 | G21: 7285 | H21: {=_xlfn.IFS(A21<'Campaign Metadata'!$B$2,"Before CybertruckLaunch",'Engagement Summary'!A79<='Campaign Metadata'!$C$2,"CybertruckLaunch",A21<'Campaign Metadata'!$B$3,"Before ModelYCampaign",A21<='Campaign Metadata'!$C$3,"ModelYCampaign",A21<'Campaign Metadata'!$B$4,"Before FSDUpdate",A21<='Campaign Metadata'!$C$4,FSDUpdate,A21<'Campaign Metadata'!$B$5,Before SustainabilityDrive,A21<'Campaign Metadata'!$C$5,"Sustainability Drive")} -> ModelYCampaign | I21: =C21-D21 -> 285
A22: 45586 | B22: Facebook | C22: 508 | D22: 69 | E22: 23492 | F22: 3.16 | G22: 42824 | H22: {=_xlfn.IFS(A22<'Campaign Metadata'!$B$2,"Before CybertruckLaunch",'Engagement Summary'!A83<='Campaign Metadata'!$C$2,"CybertruckLaunch",A22<'Campaign Metadata'!$B$3,"Before ModelYCampaign",A22<='Campaign Metadata'!$C$3,"ModelYCampaign",A22<'Campaign Metadata'!$B$4,"Before FSDUpdate",A22<='Campaign Metadata'!$C$4,FSDUpdate,A22<'Campaign Metadata'!$B$5,Before SustainabilityDrive,A22<'Campaign Metadata'!$C$5,"Sustainability Drive")} -> ModelYCampaign | I22: =C22-D22 -> 439
A23: 45593 | B23: Facebook | C23: 859 | D23: 473 | E23: 209987 | F23: 4.46 | G23: 30214 | H23: {=_xlfn.IFS(A23<'Campaign Metadata'!$B$2,"Before CybertruckLaunch",'Engagement Summary'!A87<='Campaign Metadata'!$C$2,"CybertruckLaunch",A23<'Campaign Metadata'!$B$3,"Before ModelYCampaign",A23<='Campaign Metadata'!$C$3,"ModelYCampaign",A23<'Campaign Metadata'!$B$4,"Before FSDUpdate",A23<='Campaign Metadata'!$C$4,FSDUpdate,A23<'Campaign Metadata'!$B$5,Before SustainabilityDrive,A23<'Campaign Metadata'!$C$5,"Sustainability Drive")} -> ModelYCampaign | I23: =C23-D23 -> 386
A24: 45600 | B24: Facebook | C24: 947 | D24: 407 | E24: 319186 | F24: 3.32 | G24: 4996 | H24: {=_xlfn.IFS(A24<'Campaign Metadata'!$B$2,"Before CybertruckLaunch",'Engagement Summary'!A91<='Campaign Metadata'!$C$2,"CybertruckLaunch",A24<'Campaign Metadata'!$B$3,"Before ModelYCampaign",A24<='Campaign Metadata'!$C$3,"ModelYCampaign",A24<'Campaign Metadata'!$B$4,"Before FSDUpdate",A24<='Campaign Metadata'!$C$4,FSDUpdate,A24<'Campaign Metadata'!$B$5,Before SustainabilityDrive,A24<'Campaign Metadata'!$C$5,"Sustainability Drive")} -> Before FSDUpdate | I24: =C24-D24 -> 540
A25: 45607 | B25: Facebook | C25: 171 | D25: 277 | E25: 309483 | F25: 8.7 | G25: 38452 | H25: {=_xlfn.IFS(A25<'Campaign Metadata'!$B$2,"Before CybertruckLaunch",'Engagement Summary'!A95<='Campaign Metadata'!$C$2,"CybertruckLaunch",A25<'Campaign Metadata'!$B$3,"Before ModelYCampaign",A25<='Campaign Metadata'!$C$3,"ModelYCampaign",A25<'Campaign Metadata'!$B$4,"Before FSDUpdate",A25<='Campaign Metadata'!$C$4,FSDUpdate,A25<'Campaign Metadata'!$B$5,Before SustainabilityDrive,A25<'Campaign Metadata'!$C$5,"Sustainability Drive")} -> Before FSDUpdate | I25: =C25-D25 -> -106
A26: 45614 | B26: Facebook | C26: 513 | D26: 441 | E26: 338847 | F26: 2.68 | G26: 39997 | H26: {=_xlfn.IFS(A26<'Campaign Metadata'!$B$2,"Before CybertruckLaunch",'Engagement Summary'!A99<='Campaign Metadata'!$C$2,"CybertruckLaunch",A26<'Campaign Metadata'!$B$3,"Before ModelYCampaign",A26<='Campaign Metadata'!$C$3,"ModelYCampaign",A26<'Campaign Metadata'!$B$4,"Before FSDUpdate",A26<='Campaign Metadata'!$C$4,FSDUpdate,A26<'Campaign Metadata'!$B$5,Before SustainabilityDrive,A26<'Campaign Metadata'!$C$5,"Sustainability Drive")} -> Before FSDUpdate | I26: =C26-D26 -> 72
A27: 45621 | B27: Facebook | C27: 1710 | D27: 378 | E27: 336661 | F27: 6.2 | G27: 28498 | H27: {=_xlfn.IFS(A27<'Campaign Metadata'!$B$2,"Before CybertruckLaunch",'Engagement Summary'!A103<='Campaign Metadata'!$C$2,"CybertruckLaunch",A27<'Campaign Metadata'!$B$3,"Before ModelYCampaign",A27<='Campaign Metadata'!$C$3,"ModelYCampaign",A27<'Campaign Metadata'!$B$4,"Before FSDUpdate",A27<='Campaign Metadata'!$C$4,FSDUpdate,A27<'Campaign Metadata'!$B$5,Before SustainabilityDrive,A27<'Campaign Metadata'!$C$5,"Sustainability Drive")} -> CybertruckLaunch | I27: =C27-D27 -> 1332
A28: 45628 | B28: Facebook | C28: 1902 | D28: 196 | E28: 470269 | F28: 4.79 | G28: 26103 | H28: {=_xlfn.IFS(A28<'Campaign Metadata'!$B$2,"Before CybertruckLaunch",'Engagement Summary'!A107<='Campaign Metadata'!$C$2,"CybertruckLaunch",A28<'Campaign Metadata'!$B$3,"Before ModelYCampaign",A28<='Campaign Metadata'!$C$3,"ModelYCampaign",A28<'Campaign Metadata'!$B$4,"Before FSDUpdate",A28<='Campaign Metadata'!$C$4,FSDUpdate,A28<'Campaign Metadata'!$B$5,Before SustainabilityDrive,A28<'Campaign Metadata'!$C$5,"Sustainability Drive")} -> CybertruckLaunch | I28: =C28-D28 -> 1706
A29: 45635 | B29: Facebook | C29: 1514 | D29: 141 | E29: 35842 | F29: 7.47 | G29: 18601 | H29: {=_xlfn.IFS(A29<'Campaign Metadata'!$B$2,"Before CybertruckLaunch",'Engagement Summary'!A111<='Campaign Metadata'!$C$2,"CybertruckLaunch",A29<'Campaign Metadata'!$B$3,"Before ModelYCampaign",A29<='Campaign Metadata'!$C$3,"ModelYCampaign",A29<'Campaign Metadata'!$B$4,"Before FSDUpdate",A29<='Campaign Metadata'!$C$4,FSDUpdate,A29<'Campaign Metadata'!$B$5,Before SustainabilityDrive,A29<'Campaign Metadata'!$C$5,"Sustainability Drive")} -> Before FSDUpdate | I29: =C29-D29 -> 1373
A30: 45642 | B30: Facebook | C30: 1623 | D30: 246 | E30: 415815 | F30: 8.11 | G30: 18656 | H30: {=_xlfn.IFS(A30<'Campaign Metadata'!$B$2,"Before CybertruckLaunch",'Engagement Summary'!A115<='Campaign Metadata'!$C$2,"CybertruckLaunch",A30<'Campaign Metadata'!$B$3,"Before ModelYCampaign",A30<='Campaign Metadata'!$C$3,"ModelYCampaign",A30<'Campaign Metadata'!$B$4,"Before FSDUpdate",A30<='Campaign Metadata'!$C$4,FSDUpdate,A30<'Campaign Metadata'!$B$5,Before SustainabilityDrive,A30<'Campaign Metadata'!$C$5,"Sustainability Drive")} -> Before FSDUpdate | I30: =C30-D30 -> 1377
A31: 45649 | B31: Facebook | C31: 1155 | D31: 425 | E31: 93347 | F31: 2.02 | G31: 47502 | H31: {=_xlfn.IFS(A31<'Campaign Metadata'!$B$2,"Before CybertruckLaunch",'Engagement Summary'!A119<='Campaign Metadata'!$C$2,"CybertruckLaunch",A31<'Campaign Metadata'!$B$3,"Before ModelYCampaign",A31<='Campaign Metadata'!$C$3,"ModelYCampaign",A31<'Campaign Metadata'!$B$4,"Before FSDUpdate",A31<='Campaign Metadata'!$C$4,FSDUpdate,A31<'Campaign Metadata'!$B$5,Before SustainabilityDrive,A31<'Campaign Metadata'!$C$5,"Sustainability Drive")} -> Before FSDUpdate | I31: =C31-D31 -> 730
A32: 45656 | B32: Facebook | C32: 1980 | D32: 204 | E32: 379431 | F32: 3.09 | G32: 25140 | H32: {=_xlfn.IFS(A32<'Campaign Metadata'!$B$2,"Before CybertruckLaunch",'Engagement Summary'!A123<='Campaign Metadata'!$C$2,"CybertruckLaunch",A32<'Campaign Metadata'!$B$3,"Before ModelYCampaign",A32<='Campaign Metadata'!$C$3,"ModelYCampaign",A32<'Campaign Metadata'!$B$4,"Before FSDUpdate",A32<='Campaign Metadata'!$C$4,"FSDUpdate",A32<'Campaign Metadata'!$B$5,"Before SustainabilityDrive",A32<'Campaign Metadata'!$C$5,"Sustainability Drive")} -> FSDUpdate | I32: =C32-D32 -> 1776
A33: 45663 | B33: Facebook | C33: 816 | D33: 196 | E33: 95728 | F33: 8.2 | G33: 17951 | H33: {=_xlfn.IFS(A33<'Campaign Metadata'!$B$2,"Before CybertruckLaunch",'Engagement Summary'!A127<='Campaign Metadata'!$C$2,"CybertruckLaunch",A33<'Campaign Metadata'!$B$3,"Before ModelYCampaign",A33<='Campaign Metadata'!$C$3,"ModelYCampaign",A33<'Campaign Metadata'!$B$4,"Before FSDUpdate",A33<='Campaign Metadata'!$C$4,"FSDUpdate",A33<'Campaign Metadata'!$B$5,"Before SustainabilityDrive",A33<'Campaign Metadata'!$C$5,"Sustainability Drive")} -> FSDUpdate | I33: =C33-D33 -> 620
A34: 45670 | B34: Facebook | C34: 651 | D34: 353 | E34: 224699 | F34: 5.61 | G34: 45708 | H34: {=_xlfn.IFS(A34<'Campaign Metadata'!$B$2,"Before CybertruckLaunch",'Engagement Summary'!A131<='Campaign Metadata'!$C$2,"CybertruckLaunch",A34<'Campaign Metadata'!$B$3,"Before ModelYCampaign",A34<='Campaign Metadata'!$C$3,"ModelYCampaign",A34<'Campaign Metadata'!$B$4,"Before FSDUpdate",A34<='Campaign Metadata'!$C$4,"FSDUpdate",A34<'Campaign Metadata'!$B$5,"Before SustainabilityDrive",A34<'Campaign Metadata'!$C$5,"Sustainability Drive")} -> Before SustainabilityDrive | I34: =C34-D34 -> 298
A35: 45677 | B35: Facebook | C35: 663 | D35: 236 | E35: 479490 | F35: 4.51 | G35: 23853 | H35: {=_xlfn.IFS(A35<'Campaign Metadata'!$B$2,"Before CybertruckLaunch",'Engagement Summary'!A135<='Campaign Metadata'!$C$2,"CybertruckLaunch",A35<'Campaign Metadata'!$B$3,"Before ModelYCampaign",A35<='Campaign Metadata'!$C$3,"ModelYCampaign",A35<'Campaign Metadata'!$B$4,"Before FSDUpdate",A35<='Campaign Metadata'!$C$4,"FSDUpdate",A35<'Campaign Metadata'!$B$5,"Before SustainabilityDrive",A35<'Campaign Metadata'!$C$5,"Sustainability Drive")} -> Before SustainabilityDrive | I35: =C35-D35 -> 427
A36: 45684 | B36: Facebook | C36: 1249 | D36: 351 | E36: 321307 | F36: 6.37 | G36: 20560 | H36: {=_xlfn.IFS(A36<'Campaign Metadata'!$B$2,"Before CybertruckLaunch",'Engagement Summary'!A139<='Campaign Metadata'!$C$2,"CybertruckLaunch",A36<'Campaign Metadata'!$B$3,"Before ModelYCampaign",A36<='Campaign Metadata'!$C$3,"ModelYCampaign",A36<'Campaign Metadata'!$B$4,"Before FSDUpdate",A36<='Campaign Metadata'!$C$4,"FSDUpdate",A36<'Campaign Metadata'!$B$5,"Before SustainabilityDrive",A36<'Campaign Metadata'!$C$5,"Sustainability Drive")} -> Before SustainabilityDrive | I36: =C36-D36 -> 898
A37: 45691 | B37: Facebook | C37: 1159 | D37: 411 | E37: 135987 | F37: 8.7 | G37: 40323 | H37: {=_xlfn.IFS(A37<'Campaign Metadata'!$B$2,"Before CybertruckLaunch",'Engagement Summary'!A143<='Campaign Metadata'!$C$2,"CybertruckLaunch",A37<'Campaign Metadata'!$B$3,"Before ModelYCampaign",A37<='Campaign Metadata'!$C$3,"ModelYCampaign",A37<'Campaign Metadata'!$B$4,"Before FSDUpdate",A37<='Campaign Metadata'!$C$4,"FSDUpdate",A37<'Campaign Metadata'!$B$5,"Before SustainabilityDrive",A37<'Campaign Metadata'!$C$5,"Sustainability Drive")} -> Before SustainabilityDrive | I37: =C37-D37 -> 748
A38: 45698 | B38: Facebook | C38: 1294 | D38: 382 | E38: 309914 | F38: 8.03 | G38: 23489 | H38: {=_xlfn.IFS(A38<'Campaign Metadata'!$B$2,"Before CybertruckLaunch",'Engagement Summary'!A147<='Campaign Metadata'!$C$2,"CybertruckLaunch",A38<'Campaign Metadata'!$B$3,"Before ModelYCampaign",A38<='Campaign Metadata'!$C$3,"ModelYCampaign",A38<'Campaign Metadata'!$B$4,"Before FSDUpdate",A38<='Campaign Metadata'!$C$4,"FSDUpdate",A38<'Campaign Metadata'!$B$5,"Before SustainabilityDrive",A38<'Campaign Metadata'!$C$5,"Sustainability Drive")} -> Before SustainabilityDrive | I38: =C38-D38 -> 912
A39: 45705 | B39: Facebook | C39: 1895 | D39: 305 | E39: 104967 | F39: 3.85 | G39: 31853 | H39: {=_xlfn.IFS(A39<'Campaign Metadata'!$B$2,"Before CybertruckLaunch",'Engagement Summary'!A151<='Campaign Metadata'!$C$2,"CybertruckLaunch",A39<'Campaign Metadata'!$B$3,"Before ModelYCampaign",A39<='Campaign Metadata'!$C$3,"ModelYCampaign",A39<'Campaign Metadata'!$B$4,"Before FSDUpdate",A39<='Campaign Metadata'!$C$4,"FSDUpdate",A39<'Campaign Metadata'!$B$5,"Before SustainabilityDrive",A39<'Campaign Metadata'!$C$5,"Sustainability Drive")} -> Before SustainabilityDrive | I39: =C39-D39 -> 1590
A40: 45712 | B40: Facebook | C40: 1884 | D40: 177 | E40: 230448 | F40: 7.8 | G40: 22713 | H40: {=_xlfn.IFS(A40<'Campaign Metadata'!$B$2,"Before CybertruckLaunch",'Engagement Summary'!A155<='Campaign Metadata'!$C$2,"CybertruckLaunch",A40<'Campaign Metadata'!$B$3,"Before ModelYCampaign",A40<='Campaign Metadata'!$C$3,"ModelYCampaign",A40<'Campaign Metadata'!$B$4,"Before FSDUpdate",A40<='Campaign Metadata'!$C$4,"FSDUpdate",A40<'Campaign Metadata'!$B$5,"Before SustainabilityDrive",A40<'Campaign Metadata'!$C$5,"Sustainability Drive")} -> CybertruckLaunch | I40: =C40-D40 -> 1707
A41: 45719 | B41: Facebook | C41: 345 | D41: 464 | E41: 366881 | F41: 4.55 | G41: 20553 | H41: {=_xlfn.IFS(A41<'Campaign Metadata'!$B$2,"Before CybertruckLaunch",'Engagement Summary'!A159<='Campaign Metadata'!$C$2,"CybertruckLaunch",A41<'Campaign Metadata'!$B$3,"Before ModelYCampaign",A41<='Campaign Metadata'!$C$3,"ModelYCampaign",A41<'Campaign Metadata'!$B$4,"Before FSDUpdate",A41<='Campaign Metadata'!$C$4,"FSDUpdate",A41<'Campaign Metadata'!$B$5,"Before SustainabilityDrive",A41<'Campaign Metadata'!$C$5,"Sustainability Drive")} -> Sustainability Drive | I41: =C41-D41 -> -119
A42: 45726 | B42: Facebook | C42: 1098 | D42: 190 | E42: 340842 | F42: 9.39 | G42: 21539 | H42: {=_xlfn.IFS(A42<'Campaign Metadata'!$B$2,"Before CybertruckLaunch",'Engagement Summary'!A163<='Campaign Metadata'!$C$2,"CybertruckLaunch",A42<'Campaign Metadata'!$B$3,"Before ModelYCampaign",A42<='Campaign Metadata'!$C$3,"ModelYCampaign",A42<'Campaign Metadata'!$B$4,"Before FSDUpdate",A42<='Campaign Metadata'!$C$4,"FSDUpdate",A42<'Campaign Metadata'!$B$5,"Before SustainabilityDrive",A42<'Campaign Metadata'!$C$5,"Sustainability Drive")} -> Sustainability Drive | I42: =C42-D42 -> 908
A43: 45733 | B43: Facebook | C43: 1358 | D43: 242 | E43: 342129 | F43: 4.94 | G43: 29116 | H43: {=_xlfn.IFS(A43<'Campaign Metadata'!$B$2,"Before CybertruckLaunch",'Engagement Summary'!A167<='Campaign Metadata'!$C$2,"CybertruckLaunch",A43<'Campaign Metadata'!$B$3,"Before ModelYCampaign",A43<='Campaign Metadata'!$C$3,"ModelYCampaign",A43<'Campaign Metadata'!$B$4,"Before FSDUpdate",A43<='Campaign Metadata'!$C$4,"FSDUpdate",A43<'Campaign Metadata'!$B$5,"Before SustainabilityDrive",A43<'Campaign Metadata'!$C$5,"Sustainability Drive")} -> Sustainability Drive | I43: =C43-D43 -> 1116
A44: 45740 | B44: Facebook | C44: 609 | D44: 135 | E44: 373606 | F44: 8.52 | G44: 21453 | H44: {=_xlfn.IFS(A44<'Campaign Metadata'!$B$2,"Before CybertruckLaunch",'Engagement Summary'!A171<='Campaign Metadata'!$C$2,"CybertruckLaunch",A44<'Campaign Metadata'!$B$3,"Before ModelYCampaign",A44<='Campaign Metadata'!$C$3,"ModelYCampaign",A44<'Campaign Metadata'!$B$4,"Before FSDUpdate",A44<='Campaign Metadata'!$C$4,"FSDUpdate",A44<'Campaign Metadata'!$B$5,"Before SustainabilityDrive",A44<'Campaign Metadata'!$C$5,"Sustainability Drive")} -> Sustainability Drive | I44: =C44-D44 -> 474
A45: 45747 | B45: Facebook | C45: 988 | D45: 474 | E45: 370070 | F45: 9.46 | G45: 23461 | H45: {=_xlfn.IFS(A45<'Campaign Metadata'!$B$2,"Before CybertruckLaunch",'Engagement Summary'!A175<='Campaign Metadata'!$C$2,"CybertruckLaunch",A45<'Campaign Metadata'!$B$3,"Before ModelYCampaign",A45<='Campaign Metadata'!$C$3,"ModelYCampaign",A45<'Campaign Metadata'!$B$4,"Before FSDUpdate",A45<='Campaign Metadata'!$C$4,"FSDUpdate",A45<'Campaign Metadata'!$B$5,"Before SustainabilityDrive",A45<'Campaign Metadata'!$C$5,"Sustainability Drive")} -> #N/A | I45: =C45-D45 -> 514
A46: 45754 | B46: Facebook | C46: 1307 | D46: 278 | E46: 98596 | F46: 2.49 | G46: 47603 | H46: {=_xlfn.IFS(A46<'Campaign Metadata'!$B$2,"Before CybertruckLaunch",'Engagement Summary'!A179<='Campaign Metadata'!$C$2,"CybertruckLaunch",A46<'Campaign Metadata'!$B$3,"Before ModelYCampaign",A46<='Campaign Metadata'!$C$3,"ModelYCampaign",A46<'Campaign Metadata'!$B$4,"Before FSDUpdate",A46<='Campaign Metadata'!$C$4,"FSDUpdate",A46<'Campaign Metadata'!$B$5,"Before SustainabilityDrive",A46<'Campaign Metadata'!$C$5,"Sustainability Drive")} -> #N/A | I46: =C46-D46 -> 1029
A47: 45761 | B47: Facebook | C47: 198 | D47: 373 | E47: 70707 | F47: 4.83 | G47: 25920 | H47: {=_xlfn.IFS(A47<'Campaign Metadata'!$B$2,"Before CybertruckLaunch",'Engagement Summary'!A183<='Campaign Metadata'!$C$2,"CybertruckLaunch",A47<'Campaign Metadata'!$B$3,"Before ModelYCampaign",A47<='Campaign Metadata'!$C$3,"ModelYCampaign",A47<'Campaign Metadata'!$B$4,"Before FSDUpdate",A47<='Campaign Metadata'!$C$4,"FSDUpdate",A47<'Campaign Metadata'!$B$5,"Before SustainabilityDrive",A47<'Campaign Metadata'!$C$5,"Sustainability Drive")} -> #N/A | I47: =C47-D47 -> -175
A48: 45768 | B48: Facebook | C48: 1375 | D48: 330 | E48: 377382 | F48: 2.6 | G48: 7875 | H48: {=_xlfn.IFS(A48<'Campaign Metadata'!$B$2,"Before CybertruckLaunch",'Engagement Summary'!A187<='Campaign Metadata'!$C$2,"CybertruckLaunch",A48<'Campaign Metadata'!$B$3,"Before ModelYCampaign",A48<='Campaign Metadata'!$C$3,"ModelYCampaign",A48<'Campaign Metadata'!$B$4,"Before FSDUpdate",A48<='Campaign Metadata'!$C$4,"FSDUpdate",A48<'Campaign Metadata'!$B$5,"Before SustainabilityDrive",A48<'Campaign Metadata'!$C$5,"Sustainability Drive")} -> #N/A | I48: =C48-D48 -> 1045
A49: 45775 | B49: Facebook | C49: 833 | D49: 380 | E49: 224830 | F49: 3.86 | G49: 3582 | H49: {=_xlfn.IFS(A49<'Campaign Metadata'!$B$2,"Before CybertruckLaunch",'Engagement Summary'!A191<='Campaign Metadata'!$C$2,"CybertruckLaunch",A49<'Campaign Metadata'!$B$3,"Before ModelYCampaign",A49<='Campaign Metadata'!$C$3,"ModelYCampaign",A49<'Campaign Metadata'!$B$4,"Before FSDUpdate",A49<='Campaign Metadata'!$C$4,"FSDUpdate",A49<'Campaign Metadata'!$B$5,"Before SustainabilityDrive",A49<'Campaign Metadata'!$C$5,"Sustainability Drive")} -> #N/A | I49: =C49-D49 -> 453
A50: 45782 | B50: Facebook | C50: 405 | D50: 66 | E50: 418696 | F50: 5.59 | G50: 48419 | H50: {=_xlfn.IFS(A50<'Campaign Metadata'!$B$2,"Before CybertruckLaunch",'Engagement Summary'!A195<='Campaign Metadata'!$C$2,"CybertruckLaunch",A50<'Campaign Metadata'!$B$3,"Before ModelYCampaign",A50<='Campaign Metadata'!$C$3,"ModelYCampaign",A50<'Campaign Metadata'!$B$4,"Before FSDUpdate",A50<='Campaign Metadata'!$C$4,"FSDUpdate",A50<'Campaign Metadata'!$B$5,"Before SustainabilityDrive",A50<'Campaign Metadata'!$C$5,"Sustainability Drive")} -> #N/A | I50: =C50-D50 -> 339
A51: 45789 | B51: Facebook | C51: 837 | D51: 430 | E51: 364820 | F51: 4 | G51: 49400 | H51: {=_xlfn.IFS(A51<'Campaign Metadata'!$B$2,"Before CybertruckLaunch",'Engagement Summary'!A199<='Campaign Metadata'!$C$2,"CybertruckLaunch",A51<'Campaign Metadata'!$B$3,"Before ModelYCampaign",A51<='Campaign Metadata'!$C$3,"ModelYCampaign",A51<'Campaign Metadata'!$B$4,"Before FSDUpdate",A51<='Campaign Metadata'!$C$4,"FSDUpdate",A51<'Campaign Metadata'!$B$5,"Before SustainabilityDrive",A51<'Campaign Metadata'!$C$5,"Sustainability Drive")} -> #N/A | I51: =C51-D51 -> 407
A52: 45446 | B52: Instagram | C52: 1135 | D52: 88 | E52: 344084 | F52: 8.06 | G52: 5904 | H52: {=_xlfn.IFS(A52<'Campaign Metadata'!$B$2,"Before CybertruckLaunch",'Engagement Summary'!A2<='Campaign Metadata'!$C$2,"CybertruckLaunch",A52<'Campaign Metadata'!$B$3,"Before ModelYCampaign",A52<='Campaign Metadata'!$C$3,"ModelYCampaign",A52<'Campaign Metadata'!$B$4,"Before FSDUpdate",A52<='Campaign Metadata'!$C$4,FSDUpdate,A52<'Campaign Metadata'!$B$5,Before SustainabilityDrive,A52<'Campaign Metadata'!$C$5,"Sustainability Drive")} -> Before CybertruckLaunch | I52: =C52-D52 -> 1047
A53: 45453 | B53: Instagram | C53: 656 | D53: 139 | E53: 49157 | F53: 9.05 | G53: 9920 | H53: {=_xlfn.IFS(A53<'Campaign Metadata'!$B$2,"Before CybertruckLaunch",'Engagement Summary'!A6<='Campaign Metadata'!$C$2,"CybertruckLaunch",A53<'Campaign Metadata'!$B$3,"Before ModelYCampaign",A53<='Campaign Metadata'!$C$3,"ModelYCampaign",A53<'Campaign Metadata'!$B$4,"Before FSDUpdate",A53<='Campaign Metadata'!$C$4,FSDUpdate,A53<'Campaign Metadata'!$B$5,Before SustainabilityDrive,A53<'Campaign Metadata'!$C$5,"Sustainability Drive")} -> Before CybertruckLaunch | I53: =C53-D53 -> 517
A54: 45460 | B54: Instagram | C54: 1048 | D54: 155 | E54: 456946 | F54: 2.46 | G54: 11329 | H54: {=_xlfn.IFS(A54<'Campaign Metadata'!$B$2,"Before CybertruckLaunch",'Engagement Summary'!A10<='Campaign Metadata'!$C$2,"CybertruckLaunch",A54<'Campaign Metadata'!$B$3,"Before ModelYCampaign",A54<='Campaign Metadata'!$C$3,"ModelYCampaign",A54<'Campaign Metadata'!$B$4,"Before FSDUpdate",A54<='Campaign Metadata'!$C$4,FSDUpdate,A54<'Campaign Metadata'!$B$5,Before SustainabilityDrive,A54<'Campaign Metadata'!$C$5,"Sustainability Drive")} -> Before ModelYCampaign | I54: =C54-D54 -> 893
A55: 45467 | B55: Instagram | C55: 911 | D55: 282 | E55: 35664 | F55: 6.92 | G55: 18050 | H55: {=_xlfn.IFS(A55<'Campaign Metadata'!$B$2,"Before CybertruckLaunch",'Engagement Summary'!A14<='Campaign Metadata'!$C$2,"CybertruckLaunch",A55<'Campaign Metadata'!$B$3,"Before ModelYCampaign",A55<='Campaign Metadata'!$C$3,"ModelYCampaign",A55<'Campaign Metadata'!$B$4,"Before FSDUpdate",A55<='Campaign Metadata'!$C$4,FSDUpdate,A55<'Campaign Metadata'!$B$5,Before SustainabilityDrive,A55<'Campaign Metadata'!$C$5,"Sustainability Drive")} -> Before ModelYCampaign | I55: =C55-D55 -> 629
A56: 45474 | B56: Instagram | C56: 226 | D56: 445 | E56: 419447 | F56: 9.36 | G56: 9566 | H56: {=_xlfn.IFS(A56<'Campaign Metadata'!$B$2,"Before CybertruckLaunch",'Engagement Summary'!A18<='Campaign Metadata'!$C$2,"CybertruckLaunch",A56<'Campaign Metadata'!$B$3,"Before ModelYCampaign",A56<='Campaign Metadata'!$C$3,"ModelYCampaign",A56<'Campaign Metadata'!$B$4,"Before FSDUpdate",A56<='Campaign Metadata'!$C$4,FSDUpdate,A56<'Campaign Metadata'!$B$5,Before SustainabilityDrive,A56<'Campaign Metadata'!$C$5,"Sustainability Drive")} -> Before ModelYCampaign | I56: =C56-D56 -> -219
A57: 45481 | B57: Instagram | C57: 1757 | D57: 85 | E57: 58223 | F57: 8.74 | G57: 22728 | H57: {=_xlfn.IFS(A57<'Campaign Metadata'!$B$2,"Before CybertruckLaunch",'Engagement Summary'!A22<='Campaign Metadata'!$C$2,"CybertruckLaunch",A57<'Campaign Metadata'!$B$3,"Before ModelYCampaign",A57<='Campaign Metadata'!$C$3,"ModelYCampaign",A57<'Campaign Metadata'!$B$4,"Before FSDUpdate",A57<='Campaign Metadata'!$C$4,FSDUpdate,A57<'Campaign Metadata'!$B$5,Before SustainabilityDrive,A57<'Campaign Metadata'!$C$5,"Sustainability Drive")} -> Before ModelYCampaign | I57: =C57-D57 -> 1672
A58: 45488 | B58: Instagram | C58: 1960 | D58: 115 | E58: 154169 | F58: 3.74 | G58: 10740 | H58: {=_xlfn.IFS(A58<'Campaign Metadata'!$B$2,"Before CybertruckLaunch",'Engagement Summary'!A26<='Campaign Metadata'!$C$2,"CybertruckLaunch",A58<'Campaign Metadata'!$B$3,"Before ModelYCampaign",A58<='Campaign Metadata'!$C$3,"ModelYCampaign",A58<'Campaign Metadata'!$B$4,"Before FSDUpdate",A58<='Campaign Metadata'!$C$4,FSDUpdate,A58<'Campaign Metadata'!$B$5,Before SustainabilityDrive,A58<'Campaign Metadata'!$C$5,"Sustainability Drive")} -> Before ModelYCampaign | I58: =C58-D58 -> 1845
A59: 45495 | B59: Instagram | C59: 508 | D59: 349 | E59: 473812 | F59: 7.88 | G59: 17328 | H59: {=_xlfn.IFS(A59<'Campaign Metadata'!$B$2,"Before CybertruckLaunch",'Engagement Summary'!A30<='Campaign Metadata'!$C$2,"CybertruckLaunch",A59<'Campaign Metadata'!$B$3,"Before ModelYCampaign",A59<='Campaign Metadata'!$C$3,"ModelYCampaign",A59<'Campaign Metadata'!$B$4,"Before FSDUpdate",A59<='Campaign Metadata'!$C$4,FSDUpdate,A59<'Campaign Metadata'!$B$5,Before SustainabilityDrive,A59<'Campaign Metadata'!$C$5,"Sustainability Drive")} -> Before ModelYCampaign | I59: =C59-D59 -> 159
A60: 45502 | B60: Instagram | C60: 653 | D60: 112 | E60: 23664 | F60: 4.05 | G60: 15353 | H60: {=_xlfn.IFS(A60<'Campaign Metadata'!$B$2,"Before CybertruckLaunch",'Engagement Summary'!A34<='Campaign Metadata'!$C$2,"CybertruckLaunch",A60<'Campaign Metadata'!$B$3,"Before ModelYCampaign",A60<='Campaign Metadata'!$C$3,"ModelYCampaign",A60<'Campaign Metadata'!$B$4,"Before FSDUpdate",A60<='Campaign Metadata'!$C$4,FSDUpdate,A60<'Campaign Metadata'!$B$5,Before SustainabilityDrive,A60<'Campaign Metadata'!$C$5,"Sustainability Drive")} -> Before ModelYCampaign | I60: =C60-D60 -> 541
A61: 45509 | B61: Instagram | C61: 645 | D61: 293 | E61: 437968 | F61: 7.83 | G61: 49303 | H61: {=_xlfn.IFS(A61<'Campaign Metadata'!$B$2,"Before CybertruckLaunch",'Engagement Summary'!A38<='Campaign Metadata'!$C$2,"CybertruckLaunch",A61<'Campaign Metadata'!$B$3,"Before ModelYCampaign",A61<='Campaign Metadata'!$C$3,"ModelYCampaign",A61<'Campaign Metadata'!$B$4,"Before FSDUpdate",A61<='Campaign Metadata'!$C$4,FSDUpdate,A61<'Campaign Metadata'!$B$5,Before SustainabilityDrive,A61<'Campaign Metadata'!$C$5,"Sustainability Drive")} -> Before ModelYCampaign | I61: =C61-D61 -> 352
A62: 45516 | B62: Instagram | C62: 1528 | D62: 203 | E62: 489188 | F62: 6.23 | G62: 47101 | H62: {=_xlfn.IFS(A62<'Campaign Metadata'!$B$2,"Before CybertruckLaunch",'Engagement Summary'!A42<='Campaign Metadata'!$C$2,"CybertruckLaunch",A62<'Campaign Metadata'!$B$3,"Before ModelYCampaign",A62<='Campaign Metadata'!$C$3,"ModelYCampaign",A62<'Campaign Metadata'!$B$4,"Before FSDUpdate",A62<='Campaign Metadata'!$C$4,FSDUpdate,A62<'Campaign Metadata'!$B$5,Before SustainabilityDrive,A62<'Campaign Metadata'!$C$5,"Sustainability Drive")} -> Before ModelYCampaign | I62: =C62-D62 -> 1325
A63: 45523 | B63: Instagram | C63: 215 | D63: 139 | E63: 325444 | F63: 3.25 | G63: 35501 | H63: {=_xlfn.IFS(A63<'Campaign Metadata'!$B$2,"Before CybertruckLaunch",'Engagement Summary'!A46<='Campaign Metadata'!$C$2,"CybertruckLaunch",A63<'Campaign Metadata'!$B$3,"Before ModelYCampaign",A63<='Campaign Metadata'!$C$3,"ModelYCampaign",A63<'Campaign Metadata'!$B$4,"Before FSDUpdate",A63<='Campaign Metadata'!$C$4,FSDUpdate,A63<'Campaign Metadata'!$B$5,Before SustainabilityDrive,A63<'Campaign Metadata'!$C$5,"Sustainability Drive")} -> Before ModelYCampaign | I63: =C63-D63 -> 76
A64: 45530 | B64: Instagram | C64: 1685 | D64: 76 | E64: 453799 | F64: 5.71 | G64: 24913 | H64: {=_xlfn.IFS(A64<'Campaign Metadata'!$B$2,"Before CybertruckLaunch",'Engagement Summary'!A50<='Campaign Metadata'!$C$2,"CybertruckLaunch",A64<'Campaign Metadata'!$B$3,"Before ModelYCampaign",A64<='Campaign Metadata'!$C$3,"ModelYCampaign",A64<'Campaign Metadata'!$B$4,"Before FSDUpdate",A64<='Campaign Metadata'!$C$4,FSDUpdate,A64<'Campaign Metadata'!$B$5,Before SustainabilityDrive,A64<'Campaign Metadata'!$C$5,"Sustainability Drive")} -> Before ModelYCampaign | I64: =C64-D64 -> 1609
A65: 45537 | B65: Instagram | C65: 1429 | D65: 182 | E65: 101332 | F65: 7.16 | G65: 37829 | H65: {=_xlfn.IFS(A65<'Campaign Metadata'!$B$2,"Before CybertruckLaunch",'Engagement Summary'!A54<='Campaign Metadata'!$C$2,"CybertruckLaunch",A65<'Campaign Metadata'!$B$3,"Before ModelYCampaign",A65<='Campaign Metadata'!$C$3,"ModelYCampaign",A65<'Campaign Metadata'!$B$4,"Before FSDUpdate",A65<='Campaign Metadata'!$C$4,FSDUpdate,A65<'Campaign Metadata'!$B$5,Before SustainabilityDrive,A65<'Campaign Metadata'!$C$5,"Sustainability Drive")} -> CybertruckLaunch | I65: =C65-D65 -> 1247
A66: 45544 | B66: Instagram | C66: 1592 | D66: 20 | E66: 378054 | F66: 9.09 | G66: 26663 | H66: {=_xlfn.IFS(A66<'Campaign Metadata'!$B$2,"Before CybertruckLaunch",'Engagement Summary'!A58<='Campaign Metadata'!$C$2,"CybertruckLaunch",A66<'Campaign Metadata'!$B$3,"Before ModelYCampaign",A66<='Campaign Metadata'!$C$3,"ModelYCampaign",A66<'Campaign Metadata'!$B$4,"Before FSDUpdate",A66<='Campaign Metadata'!$C$4,FSDUpdate,A66<'Campaign Metadata'!$B$5,Before SustainabilityDrive,A66<'Campaign Metadata'!$C$5,"Sustainability Drive")} -> CybertruckLaunch | I66: =C66-D66 -> 1572
A67: 45551 | B67: Instagram | C67: 778 | D67: 401 | E67: 50793 | F67: 3.4 | G67: 21939 | H67: {=_xlfn.IFS(A67<'Campaign Metadata'!$B$2,"Before CybertruckLaunch",'Engagement Summary'!A62<='Campaign Metadata'!$C$2,"CybertruckLaunch",A67<'Campaign Metadata'!$B$3,"Before ModelYCampaign",A67<='Campaign Metadata'!$C$3,"ModelYCampaign",A67<'Campaign Metadata'!$B$4,"Before FSDUpdate",A67<='Campaign Metadata'!$C$4,FSDUpdate,A67<'Campaign Metadata'!$B$5,Before SustainabilityDrive,A67<'Campaign Metadata'!$C$5,"Sustainability Drive")} -> Before ModelYCampaign | I67: =C67-D67 -> 377
A68: 45558 | B68: Instagram | C68: 817 | D68: 151 | E68: 422625 | F68: 2.36 | G68: 1083 | H68: {=_xlfn.IFS(A68<'Campaign Metadata'!$B$2,"Before CybertruckLaunch",'Engagement Summary'!A66<='Campaign Metadata'!$C$2,"CybertruckLaunch",A68<'Campaign Metadata'!$B$3,"Before ModelYCampaign",A68<='Campaign Metadata'!$C$3,"ModelYCampaign",A68<'Campaign Metadata'!$B$4,"Before FSDUpdate",A68<='Campaign Metadata'!$C$4,FSDUpdate,A68<'Campaign Metadata'!$B$5,Before SustainabilityDrive,A68<'Campaign Metadata'!$C$5,"Sustainability Drive")} -> Before ModelYCampaign | I68: =C68-D68 -> 666
A69: 45565 | B69: Instagram | C69: 1433 | D69: 408 | E69: 370269 | F69: 3.3 | G69: 30575 | H69: {=_xlfn.IFS(A69<'Campaign Metadata'!$B$2,"Before CybertruckLaunch",'Engagement Summary'!A70<='Campaign Metadata'!$C$2,"CybertruckLaunch",A69<'Campaign Metadata'!$B$3,"Before ModelYCampaign",A69<='Campaign Metadata'!$C$3,"ModelYCampaign",A69<'Campaign Metadata'!$B$4,"Before FSDUpdate",A69<='Campaign Metadata'!$C$4,FSDUpdate,A69<'Campaign Metadata'!$B$5,Before SustainabilityDrive,A69<'Campaign Metadata'!$C$5,"Sustainability Drive")} -> Before ModelYCampaign | I69: =C69-D69 -> 1025
A70: 45572 | B70: Instagram | C70: 1939 | D70: 67 | E70: 187183 | F70: 6.25 | G70: 41215 | H70: {=_xlfn.IFS(A70<'Campaign Metadata'!$B$2,"Before CybertruckLaunch",'Engagement Summary'!A74<='Campaign Metadata'!$C$2,"CybertruckLaunch",A70<'Campaign Metadata'!$B$3,"Before ModelYCampaign",A70<='Campaign Metadata'!$C$3,"ModelYCampaign",A70<'Campaign Metadata'!$B$4,"Before FSDUpdate",A70<='Campaign Metadata'!$C$4,FSDUpdate,A70<'Campaign Metadata'!$B$5,Before SustainabilityDrive,A70<'Campaign Metadata'!$C$5,"Sustainability Drive")} -> ModelYCampaign | I70: =C70-D70 -> 1872
A71: 45579 | B71: Instagram | C71: 1527 | D71: 303 | E71: 388555 | F71: 8.9 | G71: 36397 | H71: {=_xlfn.IFS(A71<'Campaign Metadata'!$B$2,"Before CybertruckLaunch",'Engagement Summary'!A78<='Campaign Metadata'!$C$2,"CybertruckLaunch",A71<'Campaign Metadata'!$B$3,"Before ModelYCampaign",A71<='Campaign Metadata'!$C$3,"ModelYCampaign",A71<'Campaign Metadata'!$B$4,"Before FSDUpdate",A71<='Campaign Metadata'!$C$4,FSDUpdate,A71<'Campaign Metadata'!$B$5,Before SustainabilityDrive,A71<'Campaign Metadata'!$C$5,"Sustainability Drive")} -> ModelYCampaign | I71: =C71-D71 -> 1224
A72: 45586 | B72: Instagram | C72: 703 | D72: 441 | E72: 357089 | F72: 6.5 | G72: 32478 | H72: {=_xlfn.IFS(A72<'Campaign Metadata'!$B$2,"Before CybertruckLaunch",'Engagement Summary'!A82<='Campaign Metadata'!$C$2,"CybertruckLaunch",A72<'Campaign Metadata'!$B$3,"Before ModelYCampaign",A72<='Campaign Metadata'!$C$3,"ModelYCampaign",A72<'Campaign Metadata'!$B$4,"Before FSDUpdate",A72<='Campaign Metadata'!$C$4,FSDUpdate,A72<'Campaign Metadata'!$B$5,Before SustainabilityDrive,A72<'Campaign Metadata'!$C$5,"Sustainability Drive")} -> ModelYCampaign | I72: =C72-D72 -> 262
A73: 45593 | B73: Instagram | C73: 642 | D73: 66 | E73: 346522 | F73: 5.85 | G73: 13116 | H73: {=_xlfn.IFS(A73<'Campaign Metadata'!$B$2,"Before CybertruckLaunch",'Engagement Summary'!A86<='Campaign Metadata'!$C$2,"CybertruckLaunch",A73<'Campaign Metadata'!$B$3,"Before ModelYCampaign",A73<='Campaign Metadata'!$C$3,"ModelYCampaign",A73<'Campaign Metadata'!$B$4,"Before FSDUpdate",A73<='Campaign Metadata'!$C$4,FSDUpdate,A73<'Campaign Metadata'!$B$5,Before SustainabilityDrive,A73<'Campaign Metadata'!$C$5,"Sustainability Drive")} -> ModelYCampaign | I73: =C73-D73 -> 576
A74: 45600 | B74: Instagram | C74: 1466 | D74: 69 | E74: 54935 | F74: 6.85 | G74: 36484 | H74: {=_xlfn.IFS(A74<'Campaign Metadata'!$B$2,"Before CybertruckLaunch",'Engagement Summary'!A90<='Campaign Metadata'!$C$2,"CybertruckLaunch",A74<'Campaign Metadata'!$B$3,"Before ModelYCampaign",A74<='Campaign Metadata'!$C$3,"ModelYCampaign",A74<'Campaign Metadata'!$B$4,"Before FSDUpdate",A74<='Campaign Metadata'!$C$4,FSDUpdate,A74<'Campaign Metadata'!$B$5,Before SustainabilityDrive,A74<'Campaign Metadata'!$C$5,"Sustainability Drive")} -> Before FSDUpdate | I74: =C74-D74 -> 1397
A75: 45607 | B75: Instagram | C75: 1075 | D75: 173 | E75: 51395 | F75: 4.66 | G75: 47812 | H75: {=_xlfn.IFS(A75<'Campaign Metadata'!$B$2,"Before CybertruckLaunch",'Engagement Summary'!A94<='Campaign Metadata'!$C$2,"CybertruckLaunch",A75<'Campaign Metadata'!$B$3,"Before ModelYCampaign",A75<='Campaign Metadata'!$C$3,"ModelYCampaign",A75<'Campaign Metadata'!$B$4,"Before FSDUpdate",A75<='Campaign Metadata'!$C$4,FSDUpdate,A75<'Campaign Metadata'!$B$5,Before SustainabilityDrive,A75<'Campaign Metadata'!$C$5,"Sustainability Drive")} -> Before FSDUpdate | I75: =C75-D75 -> 902
A76: 45614 | B76: Instagram | C76: 187 | D76: 236 | E76: 51087 | F76: 9.41 | G76: 29533 | H76: {=_xlfn.IFS(A76<'Campaign Metadata'!$B$2,"Before CybertruckLaunch",'Engagement Summary'!A98<='Campaign Metadata'!$C$2,"CybertruckLaunch",A76<'Campaign Metadata'!$B$3,"Before ModelYCampaign",A76<='Campaign Metadata'!$C$3,"ModelYCampaign",A76<'Campaign Metadata'!$B$4,"Before FSDUpdate",A76<='Campaign Metadata'!$C$4,FSDUpdate,A76<'Campaign Metadata'!$B$5,Before SustainabilityDrive,A76<'Campaign Metadata'!$C$5,"Sustainability Drive")} -> Before FSDUpdate | I76: =C76-D76 -> -49
A77: 45621 | B77: Instagram | C77: 1854 | D77: 161 | E77: 282466 | F77: 5.17 | G77: 1810 | H77: {=_xlfn.IFS(A77<'Campaign Metadata'!$B$2,"Before CybertruckLaunch",'Engagement Summary'!A102<='Campaign Metadata'!$C$2,"CybertruckLaunch",A77<'Campaign Metadata'!$B$3,"Before ModelYCampaign",A77<='Campaign Metadata'!$C$3,"ModelYCampaign",A77<'Campaign Metadata'!$B$4,"Before FSDUpdate",A77<='Campaign Metadata'!$C$4,FSDUpdate,A77<'Campaign Metadata'!$B$5,Before SustainabilityDrive,A77<'Campaign Metadata'!$C$5,"Sustainability Drive")} -> CybertruckLaunch | I77: =C77-D77 -> 1693
A78: 45628 | B78: Instagram | C78: 1696 | D78: 71 | E78: 421957 | F78: 3.79 | G78: 36103 | H78: {=_xlfn.IFS(A78<'Campaign Metadata'!$B$2,"Before CybertruckLaunch",'Engagement Summary'!A106<='Campaign Metadata'!$C$2,"CybertruckLaunch",A78<'Campaign Metadata'!$B$3,"Before ModelYCampaign",A78<='Campaign Metadata'!$C$3,"ModelYCampaign",A78<'Campaign Metadata'!$B$4,"Before FSDUpdate",A78<='Campaign Metadata'!$C$4,FSDUpdate,A78<'Campaign Metadata'!$B$5,Before SustainabilityDrive,A78<'Campaign Metadata'!$C$5,"Sustainability Drive")} -> CybertruckLaunch | I78: =C78-D78 -> 1625
A79: 45635 | B79: Instagram | C79: 1494 | D79: 375 | E79: 220616 | F79: 1.81 | G79: 22724 | H79: {=_xlfn.IFS(A79<'Campaign Metadata'!$B$2,"Before CybertruckLaunch",'Engagement Summary'!A110<='Campaign Metadata'!$C$2,"CybertruckLaunch",A79<'Campaign Metadata'!$B$3,"Before ModelYCampaign",A79<='Campaign Metadata'!$C$3,"ModelYCampaign",A79<'Campaign Metadata'!$B$4,"Before FSDUpdate",A79<='Campaign Metadata'!$C$4,FSDUpdate,A79<'Campaign Metadata'!$B$5,Before SustainabilityDrive,A79<'Campaign Metadata'!$C$5,"Sustainability Drive")} -> Before FSDUpdate | I79: =C79-D79 -> 1119
A80: 45642 | B80: Instagram | C80: 1502 | D80: 70 | E80: 465553 | F80: 3.32 | G80: 20692 | H80: {=_xlfn.IFS(A80<'Campaign Metadata'!$B$2,"Before CybertruckLaunch",'Engagement Summary'!A114<='Campaign Metadata'!$C$2,"CybertruckLaunch",A80<'Campaign Metadata'!$B$3,"Before ModelYCampaign",A80<='Campaign Metadata'!$C$3,"ModelYCampaign",A80<'Campaign Metadata'!$B$4,"Before FSDUpdate",A80<='Campaign Metadata'!$C$4,FSDUpdate,A80<'Campaign Metadata'!$B$5,Before SustainabilityDrive,A80<'Campaign Metadata'!$C$5,"Sustainability Drive")} -> Before FSDUpdate | I80: =C80-D80 -> 1432
A81: 45649 | B81: Instagram | C81: 1092 | D81: 408 | E81: 280795 | F81: 8.44 | G81: 4683 | H81: {=_xlfn.IFS(A81<'Campaign Metadata'!$B$2,"Before CybertruckLaunch",'Engagement Summary'!A118<='Campaign Metadata'!$C$2,"CybertruckLaunch",A81<'Campaign Metadata'!$B$3,"Before ModelYCampaign",A81<='Campaign Metadata'!$C$3,"ModelYCampaign",A81<'Campaign Metadata'!$B$4,"Before FSDUpdate",A81<='Campaign Metadata'!$C$4,FSDUpdate,A81<'Campaign Metadata'!$B$5,Before SustainabilityDrive,A81<'Campaign Metadata'!$C$5,"Sustainability Drive")} -> Before FSDUpdate | I81: =C81-D81 -> 684
A82: 45656 | B82: Instagram | C82: 1814 | D82: 49 | E82: 140804 | F82: 1.76 | G82: 4313 | H82: {=_xlfn.IFS(A82<'Campaign Metadata'!$B$2,"Before CybertruckLaunch",'Engagement Summary'!A122<='Campaign Metadata'!$C$2,"CybertruckLaunch",A82<'Campaign Metadata'!$B$3,"Before ModelYCampaign",A82<='Campaign Metadata'!$C$3,"ModelYCampaign",A82<'Campaign Metadata'!$B$4,"Before FSDUpdate",A82<='Campaign Metadata'!$C$4,"FSDUpdate",A82<'Campaign Metadata'!$B$5,"Before SustainabilityDrive",A82<'Campaign Metadata'!$C$5,"Sustainability Drive")} -> FSDUpdate | I82: =C82-D82 -> 1765
A83: 45663 | B83: Instagram | C83: 1013 | D83: 110 | E83: 466382 | F83: 5.3 | G83: 37132 | H83: {=_xlfn.IFS(A83<'Campaign Metadata'!$B$2,"Before CybertruckLaunch",'Engagement Summary'!A126<='Campaign Metadata'!$C$2,"CybertruckLaunch",A83<'Campaign Metadata'!$B$3,"Before ModelYCampaign",A83<='Campaign Metadata'!$C$3,"ModelYCampaign",A83<'Campaign Metadata'!$B$4,"Before FSDUpdate",A83<='Campaign Metadata'!$C$4,"FSDUpdate",A83<'Campaign Metadata'!$B$5,"Before SustainabilityDrive",A83<'Campaign Metadata'!$C$5,"Sustainability Drive")} -> FSDUpdate | I83: =C83-D83 -> 903
A84: 45670 | B84: Instagram | C84: 1855 | D84: 133 | E84: 349413 | F84: 3.3 | G84: 14548 | H84: {=_xlfn.IFS(A84<'Campaign Metadata'!$B$2,"Before CybertruckLaunch",'Engagement Summary'!A130<='Campaign Metadata'!$C$2,"CybertruckLaunch",A84<'Campaign Metadata'!$B$3,"Before ModelYCampaign",A84<='Campaign Metadata'!$C$3,"ModelYCampaign",A84<'Campaign Metadata'!$B$4,"Before FSDUpdate",A84<='Campaign Metadata'!$C$4,"FSDUpdate",A84<'Campaign Metadata'!$B$5,"Before SustainabilityDrive",A84<'Campaign Metadata'!$C$5,"Sustainability Drive")} -> Before SustainabilityDrive | I84: =C84-D84 -> 1722
A85: 45677 | B85: Instagram | C85: 1748 | D85: 176 | E85: 383681 | F85: 9.24 | G85: 43122 | H85: {=_xlfn.IFS(A85<'Campaign Metadata'!$B$2,"Before CybertruckLaunch",'Engagement Summary'!A134<='Campaign Metadata'!$C$2,"CybertruckLaunch",A85<'Campaign Metadata'!$B$3,"Before ModelYCampaign",A85<='Campaign Metadata'!$C$3,"ModelYCampaign",A85<'Campaign Metadata'!$B$4,"Before FSDUpdate",A85<='Campaign Metadata'!$C$4,"FSDUpdate",A85<'Campaign Metadata'!$B$5,"Before SustainabilityDrive",A85<'Campaign Metadata'!$C$5,"Sustainability Drive")} -> Before SustainabilityDrive | I85: =C85-D85 -> 1572
A86: 45684 | B86: Instagram | C86: 115 | D86: 281 | E86: 357265 | F86: 9.23 | G86: 25525 | H86: {=_xlfn.IFS(A86<'Campaign Metadata'!$B$2,"Before CybertruckLaunch",'Engagement Summary'!A138<='Campaign Metadata'!$C$2,"CybertruckLaunch",A86<'Campaign Metadata'!$B$3,"Before ModelYCampaign",A86<='Campaign Metadata'!$C$3,"ModelYCampaign",A86<'Campaign Metadata'!$B$4,"Before FSDUpdate",A86<='Campaign Metadata'!$C$4,"FSDUpdate",A86<'Campaign Metadata'!$B$5,"Before SustainabilityDrive",A86<'Campaign Metadata'!$C$5,"Sustainability Drive")} -> Before SustainabilityDrive | I86: =C86-D86 -> -166
A87: 45691 | B87: Instagram | C87: 1556 | D87: 476 | E87: 351556 | F87: 3.89 | G87: 10825 | H87: {=_xlfn.IFS(A87<'Campaign Metadata'!$B$2,"Before CybertruckLaunch",'Engagement Summary'!A142<='Campaign Metadata'!$C$2,"CybertruckLaunch",A87<'Campaign Metadata'!$B$3,"Before ModelYCampaign",A87<='Campaign Metadata'!$C$3,"ModelYCampaign",A87<'Campaign Metadata'!$B$4,"Before FSDUpdate",A87<='Campaign Metadata'!$C$4,"FSDUpdate",A87<'Campaign Metadata'!$B$5,"Before SustainabilityDrive",A87<'Campaign Metadata'!$C$5,"Sustainability Drive")} -> Before SustainabilityDrive | I87: =C87-D87 -> 1080
A88: 45698 | B88: Instagram | C88: 1957 | D88: 234 | E88: 222126 | F88: 4.61 | G88: 3314 | H88: {=_xlfn.IFS(A88<'Campaign Metadata'!$B$2,"Before CybertruckLaunch",'Engagement Summary'!A146<='Campaign Metadata'!$C$2,"CybertruckLaunch",A88<'Campaign Metadata'!$B$3,"Before ModelYCampaign",A88<='Campaign Metadata'!$C$3,"ModelYCampaign",A88<'Campaign Metadata'!$B$4,"Before FSDUpdate",A88<='Campaign Metadata'!$C$4,"FSDUpdate",A88<'Campaign Metadata'!$B$5,"Before SustainabilityDrive",A88<'Campaign Metadata'!$C$5,"Sustainability Drive")} -> Before SustainabilityDrive | I88: =C88-D88 -> 1723
A89: 45705 | B89: Instagram | C89: 1138 | D89: 173 | E89: 453243 | F89: 2.86 | G89: 44097 | H89: {=_xlfn.IFS(A89<'Campaign Metadata'!$B$2,"Before CybertruckLaunch",'Engagement Summary'!A150<='Campaign Metadata'!$C$2,"CybertruckLaunch",A89<'Campaign Metadata'!$B$3,"Before ModelYCampaign",A89<='Campaign Metadata'!$C$3,"ModelYCampaign",A89<'Campaign Metadata'!$B$4,"Before FSDUpdate",A89<='Campaign Metadata'!$C$4,"FSDUpdate",A89<'Campaign Metadata'!$B$5,"Before SustainabilityDrive",A89<'Campaign Metadata'!$C$5,"Sustainability Drive")} -> Before SustainabilityDrive | I89: =C89-D89 -> 965
A90: 45712 | B90: Instagram | C90: 1440 | D90: 65 | E90: 126524 | F90: 4.34 | G90: 49772 | H90: {=_xlfn.IFS(A90<'Campaign Metadata'!$B$2,"Before CybertruckLaunch",'Engagement Summary'!A154<='Campaign Metadata'!$C$2,"CybertruckLaunch",A90<'Campaign Metadata'!$B$3,"Before ModelYCampaign",A90<='Campaign Metadata'!$C$3,"ModelYCampaign",A90<'Campaign Metadata'!$B$4,"Before FSDUpdate",A90<='Campaign Metadata'!$C$4,"FSDUpdate",A90<'Campaign Metadata'!$B$5,"Before SustainabilityDrive",A90<'Campaign Metadata'!$C$5,"Sustainability Drive")} -> CybertruckLaunch | I90: =C90-D90 -> 1375
A91: 45719 | B91: Instagram | C91: 1371 | D91: 56 | E91: 257579 | F91: 8.62 | G91: 33799 | H91: {=_xlfn.IFS(A91<'Campaign Metadata'!$B$2,"Before CybertruckLaunch",'Engagement Summary'!A158<='Campaign Metadata'!$C$2,"CybertruckLaunch",A91<'Campaign Metadata'!$B$3,"Before ModelYCampaign",A91<='Campaign Metadata'!$C$3,"ModelYCampaign",A91<'Campaign Metadata'!$B$4,"Before FSDUpdate",A91<='Campaign Metadata'!$C$4,"FSDUpdate",A91<'Campaign Metadata'!$B$5,"Before SustainabilityDrive",A91<'Campaign Metadata'!$C$5,"Sustainability Drive")} -> CybertruckLaunch | I91: =C91-D91 -> 1315
A92: 45726 | B92: Instagram | C92: 393 | D92: 181 | E92: 462142 | F92: 7.23 | G92: 6296 | H92: {=_xlfn.IFS(A92<'Campaign Metadata'!$B$2,"Before CybertruckLaunch",'Engagement Summary'!A162<='Campaign Metadata'!$C$2,"CybertruckLaunch",A92<'Campaign Metadata'!$B$3,"Before ModelYCampaign",A92<='Campaign Metadata'!$C$3,"ModelYCampaign",A92<'Campaign Metadata'!$B$4,"Before FSDUpdate",A92<='Campaign Metadata'!$C$4,"FSDUpdate",A92<'Campaign Metadata'!$B$5,"Before SustainabilityDrive",A92<'Campaign Metadata'!$C$5,"Sustainability Drive")} -> Sustainability Drive | I92: =C92-D92 -> 212
A93: 45733 | B93: Instagram | C93: 1102 | D93: 422 | E93: 410330 | F93: 7.74 | G93: 9480 | H93: {=_xlfn.IFS(A93<'Campaign Metadata'!$B$2,"Before CybertruckLaunch",'Engagement Summary'!A166<='Campaign Metadata'!$C$2,"CybertruckLaunch",A93<'Campaign Metadata'!$B$3,"Before ModelYCampaign",A93<='Campaign Metadata'!$C$3,"ModelYCampaign",A93<'Campaign Metadata'!$B$4,"Before FSDUpdate",A93<='Campaign Metadata'!$C$4,"FSDUpdate",A93<'Campaign Metadata'!$B$5,"Before SustainabilityDrive",A93<'Campaign Metadata'!$C$5,"Sustainability Drive")} -> Sustainability Drive | I93: =C93-D93 -> 680
A94: 45740 | B94: Instagram | C94: 490 | D94: 29 | E94: 364810 | F94: 1.53 | G94: 49077 | H94: {=_xlfn.IFS(A94<'Campaign Metadata'!$B$2,"Before CybertruckLaunch",'Engagement Summary'!A170<='Campaign Metadata'!$C$2,"CybertruckLaunch",A94<'Campaign Metadata'!$B$3,"Before ModelYCampaign",A94<='Campaign Metadata'!$C$3,"ModelYCampaign",A94<'Campaign Metadata'!$B$4,"Before FSDUpdate",A94<='Campaign Metadata'!$C$4,"FSDUpdate",A94<'Campaign Metadata'!$B$5,"Before SustainabilityDrive",A94<'Campaign Metadata'!$C$5,"Sustainability Drive")} -> Sustainability Drive | I94: =C94-D94 -> 461
A95: 45747 | B95: Instagram | C95: 1033 | D95: 392 | E95: 282780 | F95: 6.27 | G95: 23140 | H95: {=_xlfn.IFS(A95<'Campaign Metadata'!$B$2,"Before CybertruckLaunch",'Engagement Summary'!A174<='Campaign Metadata'!$C$2,"CybertruckLaunch",A95<'Campaign Metadata'!$B$3,"Before ModelYCampaign",A95<='Campaign Metadata'!$C$3,"ModelYCampaign",A95<'Campaign Metadata'!$B$4,"Before FSDUpdate",A95<='Campaign Metadata'!$C$4,"FSDUpdate",A95<'Campaign Metadata'!$B$5,"Before SustainabilityDrive",A95<'Campaign Metadata'!$C$5,"Sustainability Drive")} -> #N/A | I95: =C95-D95 -> 641
A96: 45754 | B96: Instagram | C96: 559 | D96: 392 | E96: 78789 | F96: 3.19 | G96: 2436 | H96: {=_xlfn.IFS(A96<'Campaign Metadata'!$B$2,"Before CybertruckLaunch",'Engagement Summary'!A178<='Campaign Metadata'!$C$2,"CybertruckLaunch",A96<'Campaign Metadata'!$B$3,"Before ModelYCampaign",A96<='Campaign Metadata'!$C$3,"ModelYCampaign",A96<'Campaign Metadata'!$B$4,"Before FSDUpdate",A96<='Campaign Metadata'!$C$4,"FSDUpdate",A96<'Campaign Metadata'!$B$5,"Before SustainabilityDrive",A96<'Campaign Metadata'!$C$5,"Sustainability Drive")} -> #N/A | I96: =C96-D96 -> 167
A97: 45761 | B97: Instagram | C97: 198 | D97: 358 | E97: 66682 | F97: 6.73 | G97: 2293 | H97: {=_xlfn.IFS(A97<'Campaign Metadata'!$B$2,"Before CybertruckLaunch",'Engagement Summary'!A182<='Campaign Metadata'!$C$2,"CybertruckLaunch",A97<'Campaign Metadata'!$B$3,"Before ModelYCampaign",A97<='Campaign Metadata'!$C$3,"ModelYCampaign",A97<'Campaign Metadata'!$B$4,"Before FSDUpdate",A97<='Campaign Metadata'!$C$4,"FSDUpdate",A97<'Campaign Metadata'!$B$5,"Before SustainabilityDrive",A97<'Campaign Metadata'!$C$5,"Sustainability Drive")} -> #N/A | I97: =C97-D97 -> -160
A98: 45768 | B98: Instagram | C98: 961 | D98: 358 | E98: 62942 | F98: 6.8 | G98: 18693 | H98: {=_xlfn.IFS(A98<'Campaign Metadata'!$B$2,"Before CybertruckLaunch",'Engagement Summary'!A186<='Campaign Metadata'!$C$2,"CybertruckLaunch",A98<'Campaign Metadata'!$B$3,"Before ModelYCampaign",A98<='Campaign Metadata'!$C$3,"ModelYCampaign",A98<'Campaign Metadata'!$B$4,"Before FSDUpdate",A98<='Campaign Metadata'!$C$4,"FSDUpdate",A98<'Campaign Metadata'!$B$5,"Before SustainabilityDrive",A98<'Campaign Metadata'!$C$5,"Sustainability Drive")} -> #N/A | I98: =C98-D98 -> 603
A99: 45775 | B99: Instagram | C99: 1693 | D99: 154 | E99: 445944 | F99: 5.69 | G99: 14216 | H99: {=_xlfn.IFS(A99<'Campaign Metadata'!$B$2,"Before CybertruckLaunch",'Engagement Summary'!A190<='Campaign Metadata'!$C$2,"CybertruckLaunch",A99<'Campaign Metadata'!$B$3,"Before ModelYCampaign",A99<='Campaign Metadata'!$C$3,"ModelYCampaign",A99<'Campaign Metadata'!$B$4,"Before FSDUpdate",A99<='Campaign Metadata'!$C$4,"FSDUpdate",A99<'Campaign Metadata'!$B$5,"Before SustainabilityDrive",A99<'Campaign Metadata'!$C$5,"Sustainability Drive")} -> #N/A | I99: =C99-D99 -> 1539
A100: 45782 | B100: Instagram | C100: 1957 | D100: 76 | E100: 447902 | F100: 6.09 | G100: 33381 | H100: {=_xlfn.IFS(A100<'Campaign Metadata'!$B$2,"Before CybertruckLaunch",'Engagement Summary'!A194<='Campaign Metadata'!$C$2,"CybertruckLaunch",A100<'Campaign Metadata'!$B$3,"Before ModelYCampaign",A100<='Campaign Metadata'!$C$3,"ModelYCampaign",A100<'Campaign Metadata'!$B$4,"Before FSDUpdate",A100<='Campaign Metadata'!$C$4,"FSDUpdate",A100<'Campaign Metadata'!$B$5,"Before SustainabilityDrive",A100<'Campaign Metadata'!$C$5,"Sustainability Drive")} -> #N/A | I100: =C100-D100 -> 1881
...

Sheet Campaign Metadata
A1: Campaign_Name | B1: Start_Date | C1: End_Date | D1: Objective | E1: Total_Budget | F1: Target_Platforms | G1: Primary_Hashtags
A2: CybertruckLaunch | B2: 45458 | C2: 45488 | D2: Product Awareness | E2: 150000 | F2: Instagram,Facebook | G2: #EVRevolution,#TeslaCoInnovation
A3: ModelYCampaign | B3: 45566 | C3: 45596 | D3: Customer Engagement | E3: 200000 | F3: Instagram,YouTube | G3: #AnytimeIsTeslaTime,
A4: FSDUpdate | B4: 45651 | C4: 45667 | D4: Vehicle Launch | E4: 250000 | F4: Facebook,Twitter | G4: #SmoothLikeNitroTesla
A5: SustainabilityDrive | B5: 45717 | C5: 45747 | D5: Community Growth | E5: 180000 | F5: Instagram,Twitter | G5: #BetterWithTesla,#FutureOfDriving

Sheet Engagement Analysis
A3: Row Labels | B3: Average of Clicks | C3: Average of Engagement Rate | D3: Count of Hashtags Used
A4: #AnytimeIsTeslaTime | B4: 161.2 | C4: 0.11636074 | D4: 15
A5: #TeslaCoInnovation | B5: 158.65421 | C5: 0.14515321 | D5: 107
A6: #EVRevolution | B6: 151.52941 | C6: 0.15386133 | D6: 102
A7: #FutureOfDriving | B7: 144.03883 | C7: 0.14123247 | D7: 103
A8: #BetterWithTesla | B8: 114.85714 | C8: 0.12589595 | D8: 7
A9: #SmoothLikeNitroTesla | B9: 111.8 | C9: 0.11481754 | D9: 5
B12: Column Labels
B13: Facebook | F13: Instagram | J13: Twitter | N13: YouTube
A14: Row Labels | B14: Sum of Likes | C14: Sum of Shares | D14: Sum of Comments | E14: Sum of Total | F14: Sum of Likes | G14: Sum of Shares | H14: Sum of Comments | I14: Sum of Total | J14: Sum of Likes | K14: Sum of Shares | L14: Sum of Comments | M14: Sum of Total | N14: Sum of Likes | O14: Sum of Shares | P14: Sum of Comments | Q14: Sum of Total
A15: Carousel | B15: 44476 | C15: 7400 | D15: 4589 | E15: 56465 | F15: 43948 | G15: 6975 | H15: 3890 | I15: 54813 | J15: 48649 | K15: 5791 | L15: 3607 | M15: 58047 | N15: 24926 | O15: 6305 | P15: 2422 | Q15: 33653
A16: Image | B16: 71602 | C16: 12904 | D16: 6495 | E16: 91001 | F16: 34202 | G16: 5286 | H16: 2655 | I16: 42143 | J16: 43761 | K16: 7110 | L16: 5125 | M16: 55996 | N16: 23903 | O16: 4310 | P16: 2077 | Q16: 30290
A17: Reel | B17: 36368 | C17: 5964 | D17: 3353 | E17: 45685 | F17: 32148 | G17: 8110 | H17: 3386 | I17: 43644 | J17: 27029 | K17: 4550 | L17: 1913 | M17: 33492 | N17: 32400 | O17: 4577 | P17: 2668 | Q17: 39645
A18: Story | B18: 29405 | C18: 4950 | D18: 3223 | E18: 37578 | F18: 42649 | G18: 10049 | H18: 3846 | I18: 56544 | J18: 20466 | K18: 5090 | L18: 3026 | M18: 28582 | N18: 31968 | O18: 3866 | P18: 2012 | Q18: 37846
A19: Text | B19: 31963 | C19: 4792 | D19: 3377 | E19: 40132 | F19: 25567 | G19: 5112 | H19: 1946 | I19: 32625 | J19: 31899 | K19: 4861 | L19: 3910 | M19: 40670 | N19: 27067 | O19: 3928 | P19: 1052 | Q19: 32047
A20: Video | B20: 28947 | C20: 3171 | D20: 2263 | E20: 34381 | F20: 25770 | G20: 5912 | H20: 2128 | I20: 33810 | J20: 29593 | K20: 6326 | L20: 3299 | M20: 39218 | N20: 31285 | O20: 5586 | P20: 2589 | Q20: 39460
A23: Average of Engagement Rate | B23: Column Labels
A24: Row Labels | B24: Facebook | C24: Instagram | D24: Twitter | E24: YouTube | F24: Grand Total
A25: Carousel | B25: 0.1182059 | C25: 0.1443986 | D25: 0.15972488 | E25: 0.17416554 | F25: 0.1481492
A26: Image | B26: 0.11892683 | C26: 0.14929862 | D26: 0.14756648 | E26: 0.15035568 | F26: 0.13687494
A27: Reel | B27: 0.10810248 | C27: 0.26004033 | D27: 0.12428082 | E27: 0.11688584 | F27: 0.15615682
A28: Story | B28: 0.15898978 | C28: 0.24558274 | D28: 0.18859717 | E28: 0.09496533 | F28: 0.18425775
A29: Text | B29: 0.10743951 | C29: 0.12920449 | D29: 0.12088973 | E29: 0.11459218 | F29: 0.11750674
A30: Video | B30: 0.12899654 | C30: 0.20623961 | D30: 0.11980877 | E30: 0.12968338 | F30: 0.14814844
A31: Grand Total | B31: 0.1219729 | C31: 0.19329258 | D31: 0.14368407 | E31: 0.13118494 | F31: 0.14828272

Sheet Video Link
A4: Link | B4: https://drive.google.com/file/d/11lhKxGlFVVRo0KJs1vJ4y3b64r5tW5op/view?usp=sharing

Sheet Platform Analysis
A3: Row Labels | B3: Sum of New_Followers | C3: Sum of Unfollows | D3: Sum of Growth
A4: Facebook | B4: 50862 | C4: 15305 | D4: 35557
A5: Instagram | B5: 58311 | C5: 10307 | D5: 48004
A6: Twitter | B6: 53484 | C6: 12307 | D6: 41177
A7: YouTube | B7: 47471 | C7: 12104 | D7: 35367
A10: Row Labels | B10: Average of Engagement_Rate | C10: Average of Ad_Spend
A11: Facebook | B11: 5.6486 | C11: 27590.78
A12: Instagram | B12: 5.7156 | C12: 23287.46
A13: Twitter | B13: 5.6558 | C13: 21207.14
A14: YouTube | B14: 5.5588 | C14: 24572.94

Sheet Campaign Effectiveness
A3: Row Labels | B3: Average of Impressions | C3: Average of Likes | D3: Average of Clicks | E3: Sum of Impressions | F3: Sum of Likes | G3: Sum of Clicks
A4: CybertruckLaunch | B4: 38464 | C4: 2891.5208 | D4: 134.04167 | E4: 1846272 | F4: 138793 | G4: 6434
A5: FSDUpdate | B5: 33821.687 | C5: 2736.5075 | D5: 149.73134 | E5: 2266053 | F5: 183346 | G5: 10032
A6: ModelYCampaign | B6: 34247.517 | C6: 2754.8793 | D6: 170.2069 | E6: 1986356 | F6: 159783 | G6: 9872
A7: SustainabilityDrive | B7: 34716.394 | C7: 2646.6056 | D7: 150.5493 | E7: 2464864 | F7: 187909 | G7: 10689
A10: Row Labels | B10: Average of Engagement_Rate | C10: Average of Follower Growth | E10: Row Labels | F10: Sum of Engagement_Rate | G10: Sum of Ad_Spend
A11: Before CybertruckLaunch | B11: 6.115 | C11: 962.25 | E11: CybertruckLaunch | F11: 131.76 | G11: 558230
A12: Before FSDUpdate | B12: 5.5658333 | C12: 789.25 | E12: FSDUpdate | F12: 38.06 | G12: 151428
A13: Before ModelYCampaign | B13: 5.8955172 | C13: 634.96552 | E13: ModelYCampaign | F13: 83.32 | G13: 447611
A14: Before SustainabilityDrive | B14: 5.85 | C14: 980.75 | E14: Sustainability Drive | F14: 90.7 | G14: 315597
A15: CybertruckLaunch | B15: 6.337 | C15: 1461.7 | E15: Grand Total | F15: 343.84 | G15: 1472866
A16: FSDUpdate | B16: 4.5875 | C16: 1266
A17: ModelYCampaign | B17: 5.09375 | C17: 838.25
A18: Sustainability Drive | B18: 6.2714286 | C18: 533.14286

Sheet Follower Retention
A3: Row Labels | B3: Sum of Follower Growth
A4: 03/06/24 - 09/06/24 | B4: 3554
A5: 10/06/24 - 16/06/24 | B5: 2980
A6: 17/06/24 - 23/06/24 | B6: 3907
A7: 24/06/24 - 30/06/24 | B7: 3011
A8: 01/07/24 - 07/07/24 | B8: 1293
A9: 08/07/24 - 14/07/24 | B9: 3042
A10: 15/07/24 - 21/07/24 | B10: 2270
A11: 22/07/24 - 28/07/24 | B11: 2753
A12: 29/07/24 - 04/08/24 | B12: 2193
A13: 05/08/24 - 11/08/24 | B13: 802
A14: 12/08/24 - 18/08/24 | B14: 3728
A15: 19/08/24 - 25/08/24 | B15: 2989
... A26: 04/11/24 - 10/11/24 | B26: 4584
A27: 11/11/24 - 17/11/24 | B27: 2295 | D27: Row Labels | E27: Average of Unfollows
A28: 18/11/24 - 24/11/24 | B28: 528 | D28: CybertruckLaunch | E28: 237.85714
A29: 25/11/24 - 01/12/24 | B29: 4008 | D29: FSDUpdate | E29: 167.625
A30: 02/12/24 - 08/12/24 | B30: 4795 | D30: ModelYCampaign | E30: 214.125
A31: 09/12/24 - 15/12/24 | B31: 4792 | D31: Sustainability Drive | E31: 194.8
A32: 16/12/24 - 22/12/24 | B32: 5044 | D32: Grand Total | E32: 211.4
A33: 23/12/24 - 29/12/24 | B33: 3914
A34: 30/12/24 - 05/01/25 | B34: 6530
A35: 06/01/25 - 12/01/25 | B35: 3557
A36: 13/01/25 - 19/01/25 | B36: 2777
A37: 20/01/25 - 26/01/25 | B37: 3614
A38: 27/01/25 - 02/02/25 | B38: 3383
A39: 03/02/25 - 09/02/25 | B39: 2194
A40: 10/02/25 - 16/02/25 | B40: 5281
A41: 17/02/25 - 23/02/25 | B41: 3693
A42: 24/02/25 - 02/03/25 | B42: 4806
A43: 03/03/25 - 09/03/25 | B43: 2410
A44: 10/03/25 - 16/03/25 | B44: 3712
... A54: Grand Total | B54: 160105
